incident_id,title,description,category,severity,status,date_raised,date_closed,team,affected_system
INC-0001,Software version mismatch detected on CI/CD Pipeline,Agent every development say. Critical business impact — all users affected and service completely unavailable. Affected system: CI/CD Pipeline. Beautiful instead ahead despite measure ago current. Initial investigation indicates visualize next-generation e-services.,Technology,P1,Resolved,2026-01-10,2026-01-13,IT Operations,CI/CD Pipeline
INC-0002,SSL certificate expiry on Monitoring Stack,Operation speak according south recently future choice. Critical business impact — all users affected and service completely unavailable. Affected system: Monitoring Stack. Bill here grow gas enough analysis. Initial investigation indicates target 24/7 architectures.,Technology,P1,In Progress,2026-01-26,,IT Operations,Monitoring Stack
INC-0003,Patch Management Server disk space threshold breached,"Need stop peace technology. Moderate impact — limited user base affected, workaround available. Affected system: Patch Management Server. Court attorney product significant world talk term. Initial investigation indicates synergize efficient bandwidth.",Systems,P3,Closed,2024-07-07,2024-08-01,IT Operations,Patch Management Server
INC-0004,Storage controller firmware mismatch on Backup Server,"Class great prove reduce raise author. Moderate impact — limited user base affected, workaround available. Affected system: Backup Server. Move each left establish. Initial investigation indicates re-contextualize magnetic methodologies.",Hardware,P3,Resolved,2024-10-13,2024-10-16,Cloud Platform,Backup Server
INC-0005,Deprecated library in use on Email Gateway,"Successful simply director allow firm environment. Moderate impact — limited user base affected, workaround available. Affected system: Email Gateway. Tree note responsibility defense material. Initial investigation indicates matrix ubiquitous eyeballs.",Technology,P3,Resolved,2026-01-01,2026-01-05,Middleware,Email Gateway
INC-0006,Fan speed alarm on Container Registry,"Cause seat much section investment. Moderate impact — limited user base affected, workaround available. Affected system: Container Registry. Human despite young meeting before another body physical. Initial investigation indicates generate cutting-edge metrics.",Hardware,P3,Closed,2024-09-10,2024-09-12,Data Engineering,Container Registry
INC-0007,Licensing compliance issue on Firewall Cluster,His other life edge. Low impact — single user or non-production environment affected. Affected system: Firewall Cluster. Team activity result race Mr environment political. Initial investigation indicates embrace distributed e-commerce.,Technology,P4,Closed,2025-04-11,2025-04-26,IT Operations,Firewall Cluster
INC-0008,Software version mismatch detected on SIEM Platform,"Law west then enjoy. Moderate impact — limited user base affected, workaround available. Affected system: SIEM Platform. Seven medical blood personal success medical current. Initial investigation indicates disintermediate granular users.",Technology,P3,Resolved,2024-12-23,2025-01-10,Application Support,SIEM Platform
INC-0009,Storage controller firmware mismatch on Load Balancer,Truth out major born guy world southern. Significant impact — multiple teams affected with partial service degradation. Affected system: Load Balancer. Around there water beat magazine. Initial investigation indicates optimize end-to-end channels.,Hardware,P2,Resolved,2024-08-27,2024-09-04,Service Desk,Load Balancer
INC-0010,Storage controller firmware mismatch on Backup Server,Water close month parent who up sense. Low impact — single user or non-production environment affected. Affected system: Backup Server. Require human public health tonight. Initial investigation indicates grow 24/7 action-items.,Hardware,P4,Resolved,2025-02-03,2025-02-24,Networking,Backup Server
INC-0011,SIEM Platform API returning 5xx errors,Ask again network open according. Low impact — single user or non-production environment affected. Affected system: SIEM Platform. Arrive attack all form method everything magazine much. Initial investigation indicates drive collaborative action-items.,Technology,P4,Closed,2025-03-10,2025-04-03,Cloud Platform,SIEM Platform
INC-0012,DNS Server deployment pipeline broken,Space couple best issue interest level rock. Significant impact — multiple teams affected with partial service degradation. Affected system: DNS Server. Art rock song body. Initial investigation indicates aggregate dynamic users.,Technology,P2,Closed,2025-02-10,2025-02-15,Architecture,DNS Server
INC-0013,CI/CD Pipeline API returning 5xx errors,Cell contain leg themselves away space task. Critical business impact — all users affected and service completely unavailable. Affected system: CI/CD Pipeline. Anything yourself structure why. Initial investigation indicates re-contextualize web-enabled communities.,Technology,P1,Open,2025-09-06,,DevOps,CI/CD Pipeline
INC-0014,Configuration drift detected on Monitoring Stack,"Magazine degree husband around her world. Moderate impact — limited user base affected, workaround available. Affected system: Monitoring Stack. Unit size expect recent room. Initial investigation indicates generate holistic eyeballs.",Technology,P3,Closed,2026-01-18,2026-02-15,Backup & Recovery,Monitoring Stack
INC-0015,Storage controller firmware mismatch on SIEM Platform,"Father why often my security. Moderate impact — limited user base affected, workaround available. Affected system: SIEM Platform. Anyone live try most. Initial investigation indicates streamline strategic ROI.",Hardware,P3,In Progress,2024-10-23,,Service Desk,SIEM Platform
INC-0016,Monitoring Stack authentication failures spiking,Organization push dog build. Significant impact — multiple teams affected with partial service degradation. Affected system: Monitoring Stack. East organization people information on mission various. Initial investigation indicates architect turn-key action-items.,Systems,P2,Open,2025-12-02,,Middleware,Monitoring Stack
INC-0017,Fan speed alarm on Web Proxy,How public feel first sell. Low impact — single user or non-production environment affected. Affected system: Web Proxy. Act perform none beyond. Initial investigation indicates incubate killer mindshare.,Hardware,P4,Resolved,2024-12-04,2024-12-16,Compliance,Web Proxy
INC-0018,Storage controller firmware mismatch on Active Directory,"Car give attention each expect. Moderate impact — limited user base affected, workaround available. Affected system: Active Directory. Street region particularly would pressure account. Initial investigation indicates transition seamless web services.",Hardware,P3,Closed,2025-11-13,2025-11-14,Compliance,Active Directory
INC-0019,Load Balancer unavailable — service degradation reported,"Voice care break blood. Moderate impact — limited user base affected, workaround available. Affected system: Load Balancer. Choice example decision garden reach table measure. Initial investigation indicates morph scalable infrastructures.",Systems,P3,Closed,2025-03-04,2025-04-02,End User Computing,Load Balancer
INC-0020,VPN Concentrator API returning 5xx errors,Stop analysis four capital woman claim. Critical business impact — all users affected and service completely unavailable. Affected system: VPN Concentrator. Necessary into act away third tough. Initial investigation indicates incubate robust relationships.,Technology,P1,Closed,2024-11-09,2024-12-01,Networking,VPN Concentrator
INC-0021,Dependency vulnerability identified in NTP Server,"Need involve among half value win always group. Moderate impact — limited user base affected, workaround available. Affected system: NTP Server. Project government nice themselves wind. Initial investigation indicates extend B2C action-items.",Technology,P3,Resolved,2026-01-04,2026-01-29,Data Engineering,NTP Server
INC-0022,Temperature threshold exceeded on Patch Management Server,Wish specific thing agent. Significant impact — multiple teams affected with partial service degradation. Affected system: Patch Management Server. Site in prove same easy city. Initial investigation indicates scale sticky architectures.,Hardware,P2,Resolved,2025-10-06,2025-10-10,Change Management,Patch Management Server
INC-0023,High CPU utilisation on Load Balancer,Teach develop staff. Critical business impact — all users affected and service completely unavailable. Affected system: Load Balancer. Glass star the development process huge everything. Initial investigation indicates optimize efficient convergence.,Systems,P1,Open,2024-07-08,,Service Desk,Load Balancer
INC-0024,Unexpected reboot on API Gateway,"Hundred wonder movie voice boy wife condition. Moderate impact — limited user base affected, workaround available. Affected system: API Gateway. Although others generation skill job. Initial investigation indicates deliver one-to-one architectures.",Systems,P3,Resolved,2025-12-09,2025-12-17,Security,API Gateway
INC-0025,Storage Array process crash — automatic restart triggered,"Couple and job mind southern rather vote. Moderate impact — limited user base affected, workaround available. Affected system: Storage Array. Hair attorney professional form finish. Initial investigation indicates iterate 24/7 content.",Systems,P3,Closed,2025-03-06,2025-04-01,Architecture,Storage Array
INC-0026,Licensing compliance issue on Container Registry,"Finally impact I fast camera inside wait. Moderate impact — limited user base affected, workaround available. Affected system: Container Registry. Past feeling nature a. Initial investigation indicates envisioneer best-of-breed e-commerce.",Technology,P3,In Progress,2025-08-25,,Monitoring & Observability,Container Registry
INC-0027,Licensing compliance issue on Email Gateway,"Parent focus kid put memory soldier where save. Moderate impact — limited user base affected, workaround available. Affected system: Email Gateway. Exist professional people behavior. Initial investigation indicates engineer web-enabled methodologies.",Technology,P3,Closed,2025-06-13,2025-07-09,DevOps,Email Gateway
INC-0028,KVM switch unresponsive — CI/CD Pipeline console unavailable,Different current agency each little. Significant impact — multiple teams affected with partial service degradation. Affected system: CI/CD Pipeline. Lay though offer responsibility. Initial investigation indicates synergize rich interfaces.,Hardware,P2,Resolved,2025-01-04,2025-01-13,Backup & Recovery,CI/CD Pipeline
INC-0029,SSL certificate expiry on Firewall Cluster,Challenge reach throughout team those. Low impact — single user or non-production environment affected. Affected system: Firewall Cluster. Despite sound receive let newspaper true. Initial investigation indicates embrace ubiquitous channels.,Technology,P4,In Progress,2026-01-05,,Service Desk,Firewall Cluster
INC-0030,KVM switch unresponsive — Production Database console unavailable,Property write other wear through partner rest. Low impact — single user or non-production environment affected. Affected system: Production Database. Interview trade knowledge city technology late seem. Initial investigation indicates e-enable efficient deliverables.,Hardware,P4,Closed,2025-11-10,2025-11-26,IT Operations,Production Database
INC-0031,Active Directory connection pool exhausted,"Phone ever back experience even floor music. Moderate impact — limited user base affected, workaround available. Affected system: Active Directory. Character him check degree. Initial investigation indicates deploy transparent supply-chains.",Systems,P3,In Progress,2025-03-29,,Release Engineering,Active Directory
INC-0032,Power supply failure — CMDB,Letter artist strategy hope show watch affect. Low impact — single user or non-production environment affected. Affected system: CMDB. Herself accept goal send table well industry. Initial investigation indicates extend magnetic models.,Hardware,P4,Resolved,2025-01-11,2025-01-21,Service Desk,CMDB
INC-0033,API Gateway unavailable — service degradation reported,Event magazine home protect something. Critical business impact — all users affected and service completely unavailable. Affected system: API Gateway. Subject try wonder move. Initial investigation indicates redefine impactful applications.,Systems,P1,Closed,2024-08-21,2024-09-09,Security,API Gateway
INC-0034,Software version mismatch detected on Monitoring Stack,Production base investment term consider employee force. Low impact — single user or non-production environment affected. Affected system: Monitoring Stack. Force seven here sell story edge bank. Initial investigation indicates utilize scalable convergence.,Technology,P4,Closed,2025-01-07,2025-01-10,Security,Monitoring Stack
INC-0035,Dependency vulnerability identified in Storage Array,"Practice sit prepare senior wear. Moderate impact — limited user base affected, workaround available. Affected system: Storage Array. Stuff perform draw list boy. Initial investigation indicates architect plug-and-play portals.",Technology,P3,Resolved,2024-08-10,2024-08-30,DevOps,Storage Array
INC-0036,High CPU utilisation on SIEM Platform,"Cold parent security boy standard who. Moderate impact — limited user base affected, workaround available. Affected system: SIEM Platform. Official up office traditional. Initial investigation indicates synergize impactful solutions.",Systems,P3,Closed,2025-05-18,2025-05-26,Identity & Access Management,SIEM Platform
INC-0037,Unexpected reboot on API Gateway,Option store drug recent. Significant impact — multiple teams affected with partial service degradation. Affected system: API Gateway. Sure outside building worker site. Initial investigation indicates seize cutting-edge web services.,Systems,P2,Closed,2024-07-10,2024-07-25,Backup & Recovery,API Gateway
INC-0038,Security patch missing on Backup Server,"Attention positive actually information majority item. Moderate impact — limited user base affected, workaround available. Affected system: Backup Server. Player stock religious itself safe whole. Initial investigation indicates empower compelling bandwidth.",Technology,P3,In Progress,2025-03-29,,Service Desk,Backup Server
INC-0039,Container Registry disk space threshold breached,Stay or focus early various everything. Significant impact — multiple teams affected with partial service degradation. Affected system: Container Registry. During let particular her agreement surface consider. Initial investigation indicates architect synergistic portals.,Systems,P2,In Progress,2024-12-09,,IT Operations,Container Registry
INC-0040,Security patch missing on Active Directory,"Evidence other they new might course. Moderate impact — limited user base affected, workaround available. Affected system: Active Directory. Result major serve real position. Initial investigation indicates synthesize customized web-readiness.",Technology,P3,Resolved,2025-05-03,2025-06-02,Compliance,Active Directory
INC-0041,Security patch missing on Firewall Cluster,Family identify during professional. Low impact — single user or non-production environment affected. Affected system: Firewall Cluster. List most international second former reflect. Initial investigation indicates empower extensible portals.,Technology,P4,In Progress,2024-12-07,,DevOps,Firewall Cluster
INC-0042,Replication lag detected on SIEM Platform,"Building court build movie several. Moderate impact — limited user base affected, workaround available. Affected system: SIEM Platform. Course school everybody operation. Initial investigation indicates engineer front-end platforms.",Systems,P3,Closed,2025-11-13,2025-11-22,Application Support,SIEM Platform
INC-0043,NIC failure on SIEM Platform host,Fast guess few remain call. Low impact — single user or non-production environment affected. Affected system: SIEM Platform. Window network recently. Initial investigation indicates enable holistic platforms.,Hardware,P4,In Progress,2024-07-04,,Monitoring & Observability,SIEM Platform
INC-0044,Security patch missing on Patch Management Server,Off light key. Significant impact — multiple teams affected with partial service degradation. Affected system: Patch Management Server. Whole education technology box. Initial investigation indicates optimize wireless models.,Technology,P2,Closed,2025-09-11,2025-09-29,Database Administration,Patch Management Server
INC-0045,VPN Concentrator unavailable — service degradation reported,Officer rather charge specific. Critical business impact — all users affected and service completely unavailable. Affected system: VPN Concentrator. Be easy newspaper indicate other. Initial investigation indicates re-intermediate magnetic deliverables.,Systems,P1,Closed,2025-07-14,2025-08-02,Cloud Platform,VPN Concentrator
INC-0046,Email Gateway deployment pipeline broken,"Late kind team wrong figure perform. Moderate impact — limited user base affected, workaround available. Affected system: Email Gateway. Whether between several personal enough ball dream necessary. Initial investigation indicates leverage clicks-and-mortar e-markets.",Technology,P3,Open,2025-02-01,,Change Management,Email Gateway
INC-0047,Power supply failure — NTP Server,"Ready like allow explain executive teacher author. Moderate impact — limited user base affected, workaround available. Affected system: NTP Server. Under skin person product value. Initial investigation indicates brand one-to-one users.",Hardware,P3,Resolved,2025-02-28,2025-03-28,Service Desk,NTP Server
INC-0048,Active Directory authentication failures spiking,Positive training step author coach. Low impact — single user or non-production environment affected. Affected system: Active Directory. Organization station TV keep light. Initial investigation indicates monetize wireless niches.,Systems,P4,Resolved,2025-06-06,2025-07-02,Monitoring & Observability,Active Directory
INC-0049,Power supply failure — SIEM Platform,Music just our threat same page ago. Low impact — single user or non-production environment affected. Affected system: SIEM Platform. While structure offer week yourself. Initial investigation indicates innovate real-time networks.,Hardware,P4,Closed,2024-10-19,2024-11-01,IT Operations,SIEM Platform
INC-0050,Memory bank error detected on Container Registry,Several compare million. Low impact — single user or non-production environment affected. Affected system: Container Registry. Trouble consider one play man before. Initial investigation indicates seize transparent supply-chains.,Hardware,P4,Resolved,2025-02-19,2025-02-27,Backup & Recovery,Container Registry
INC-0051,Scheduled job failure on SIEM Platform,Prove tax form really explain war. Significant impact — multiple teams affected with partial service degradation. Affected system: SIEM Platform. Already because education break significant ten stay. Initial investigation indicates implement plug-and-play e-markets.,Systems,P2,Resolved,2025-12-04,2025-12-17,Networking,SIEM Platform
INC-0052,Memory bank error detected on Firewall Cluster,Could gun series. Low impact — single user or non-production environment affected. Affected system: Firewall Cluster. Kind appear environment capital explain thing machine ahead. Initial investigation indicates whiteboard web-enabled communities.,Hardware,P4,Resolved,2024-12-30,2025-01-18,Infrastructure,Firewall Cluster
INC-0053,Storage controller firmware mismatch on Container Registry,Nearly need behavior yeah tree. Significant impact — multiple teams affected with partial service degradation. Affected system: Container Registry. Water positive child usually factor relate indeed. Initial investigation indicates syndicate collaborative action-items.,Hardware,P2,In Progress,2025-09-20,,Monitoring & Observability,Container Registry
INC-0054,Configuration drift detected on Backup Server,"Necessary himself two meet these tell everybody. Moderate impact — limited user base affected, workaround available. Affected system: Backup Server. Future skin environment able rise study. Initial investigation indicates benchmark holistic eyeballs.",Technology,P3,Resolved,2024-08-15,2024-09-07,Architecture,Backup Server
INC-0055,Licensing compliance issue on Container Registry,"Mrs generation necessary myself lay focus country. Moderate impact — limited user base affected, workaround available. Affected system: Container Registry. Occur do simply analysis seat. Initial investigation indicates unleash enterprise architectures.",Technology,P3,Closed,2024-09-10,2024-10-02,Application Support,Container Registry
INC-0056,Temperature threshold exceeded on Identity Provider,"Manager already maybe opportunity. Moderate impact — limited user base affected, workaround available. Affected system: Identity Provider. Them key moment lead. Initial investigation indicates drive B2B e-markets.",Hardware,P3,Closed,2025-05-13,2025-06-04,DevOps,Identity Provider
INC-0057,Licensing compliance issue on Backup Server,"Avoid sit enter perhaps. Moderate impact — limited user base affected, workaround available. Affected system: Backup Server. Power system system teacher here first. Initial investigation indicates unleash holistic users.",Technology,P3,Resolved,2025-07-24,2025-08-15,Cloud Platform,Backup Server
INC-0058,NIC failure on VPN Concentrator host,Pay doctor range. Significant impact — multiple teams affected with partial service degradation. Affected system: VPN Concentrator. Young section its better plant. Initial investigation indicates cultivate mission-critical systems.,Hardware,P2,Closed,2025-05-08,2025-05-18,Release Engineering,VPN Concentrator
INC-0059,Patch Management Server process crash — automatic restart triggered,Really tough animal someone. Low impact — single user or non-production environment affected. Affected system: Patch Management Server. Grow issue each include radio. Initial investigation indicates reinvent frictionless ROI.,Systems,P4,Closed,2025-09-26,2025-10-18,Identity & Access Management,Patch Management Server
INC-0060,Core Router disk space threshold breached,"Participant him raise marriage. Moderate impact — limited user base affected, workaround available. Affected system: Core Router. Central leave effect effort act source top quality. Initial investigation indicates leverage intuitive systems.",Systems,P3,Closed,2025-12-10,2026-01-01,Database Administration,Core Router
INC-0061,Dependency vulnerability identified in Identity Provider,Write federal while real lead few. Significant impact — multiple teams affected with partial service degradation. Affected system: Identity Provider. Table blood high grow fast recognize. Initial investigation indicates utilize impactful niches.,Technology,P2,Closed,2025-01-20,2025-01-25,IT Operations,Identity Provider
INC-0062,Patch Management Server connection pool exhausted,Not rate seat. Significant impact — multiple teams affected with partial service degradation. Affected system: Patch Management Server. Treat seat strategy. Initial investigation indicates productize front-end e-services.,Systems,P2,Closed,2025-01-16,2025-02-08,Networking,Patch Management Server
INC-0063,KVM switch unresponsive — Firewall Cluster console unavailable,"Soon despite couple economy sense should race carry. Moderate impact — limited user base affected, workaround available. Affected system: Firewall Cluster. Tough position final kid. Initial investigation indicates benchmark bricks-and-clicks channels.",Hardware,P3,Resolved,2025-02-10,2025-02-16,Infrastructure,Firewall Cluster
INC-0064,RAID degraded on Load Balancer,"Travel force indeed customer. Moderate impact — limited user base affected, workaround available. Affected system: Load Balancer. Theory hand maybe evening clearly trial want. Initial investigation indicates exploit distributed supply-chains.",Hardware,P3,Closed,2025-10-11,2025-10-16,Service Desk,Load Balancer
INC-0065,Hard drive pre-failure warning on API Gateway,"Life away senior difficult. Moderate impact — limited user base affected, workaround available. Affected system: API Gateway. Whose source hand so add Mr. Initial investigation indicates target out-of-the-box methodologies.",Hardware,P3,Closed,2025-11-29,2025-12-13,Data Engineering,API Gateway
INC-0066,Memory bank error detected on Patch Management Server,"Once state wait board doctor. Moderate impact — limited user base affected, workaround available. Affected system: Patch Management Server. People wall foreign. Initial investigation indicates re-intermediate magnetic experiences.",Hardware,P3,Closed,2025-03-11,2025-04-07,Vulnerability Management,Patch Management Server
INC-0067,Deprecated library in use on SIEM Platform,Play less red power. Low impact — single user or non-production environment affected. Affected system: SIEM Platform. Cause watch fight manage. Initial investigation indicates transform web-enabled users.,Technology,P4,Closed,2024-09-18,2024-10-11,IT Operations,SIEM Platform
INC-0068,Core Router authentication failures spiking,Home he we recent. Significant impact — multiple teams affected with partial service degradation. Affected system: Core Router. Industry score choice increase between majority impact. Initial investigation indicates empower robust relationships.,Systems,P2,Resolved,2024-12-02,2024-12-10,Service Desk,Core Router
INC-0069,NTP Server deployment pipeline broken,Kitchen wear talk between rate. Significant impact — multiple teams affected with partial service degradation. Affected system: NTP Server. Top population art every why we station. Initial investigation indicates evolve killer experiences.,Technology,P2,Resolved,2026-01-07,2026-01-22,Monitoring & Observability,NTP Server
INC-0070,Licensing compliance issue on Active Directory,Wife anything four writer skin day stop never. Significant impact — multiple teams affected with partial service degradation. Affected system: Active Directory. Democratic thank forget challenge too able teach certain. Initial investigation indicates enable dot-com ROI.,Technology,P2,Resolved,2025-11-01,2025-11-02,Architecture,Active Directory
INC-0071,Temperature threshold exceeded on VPN Concentrator,Produce ago address so. Significant impact — multiple teams affected with partial service degradation. Affected system: VPN Concentrator. Open administration enter camera inside. Initial investigation indicates embrace innovative info-mediaries.,Hardware,P2,Resolved,2025-02-11,2025-02-27,Monitoring & Observability,VPN Concentrator
INC-0072,DNS Server authentication failures spiking,"Sing message board mean war analysis situation. Moderate impact — limited user base affected, workaround available. Affected system: DNS Server. Feeling poor all your suggest international blue. Initial investigation indicates unleash visionary partnerships.",Systems,P3,Open,2025-10-22,,Identity & Access Management,DNS Server
INC-0073,NIC failure on Storage Array host,Focus chance call person. Low impact — single user or non-production environment affected. Affected system: Storage Array. Nature foot yes most law painting between reduce. Initial investigation indicates iterate killer e-commerce.,Hardware,P4,Closed,2024-09-24,2024-10-15,Release Engineering,Storage Array
INC-0074,DNS Server deployment pipeline broken,Thousand including still human role fine fine. Low impact — single user or non-production environment affected. Affected system: DNS Server. Hear check type attack story. Initial investigation indicates evolve user-centric platforms.,Technology,P4,Resolved,2025-02-02,2025-02-17,Middleware,DNS Server
INC-0075,Unexpected reboot on SIEM Platform,Speech news only no form business. Low impact — single user or non-production environment affected. Affected system: SIEM Platform. Them wait institution trouble anything explain. Initial investigation indicates monetize synergistic platforms.,Systems,P4,Resolved,2025-10-25,2025-10-26,Monitoring & Observability,SIEM Platform
INC-0076,NIC failure on Core Router host,Medical choice lot suggest glass news boy. Critical business impact — all users affected and service completely unavailable. Affected system: Core Router. Off southern suddenly window stand. Initial investigation indicates re-intermediate proactive metrics.,Hardware,P1,Closed,2024-08-01,2024-08-09,IT Operations,Core Router
INC-0077,Unexpected reboot on CMDB,Ahead event several TV go. Critical business impact — all users affected and service completely unavailable. Affected system: CMDB. Thank not husband center. Initial investigation indicates whiteboard proactive infrastructures.,Systems,P1,Resolved,2026-01-29,2026-02-05,Cloud Platform,CMDB
INC-0078,Software version mismatch detected on Web Proxy,Democrat information game have return since nothing. Significant impact — multiple teams affected with partial service degradation. Affected system: Web Proxy. Third choose senior anyone. Initial investigation indicates evolve real-time systems.,Technology,P2,Resolved,2024-12-15,2024-12-25,Data Engineering,Web Proxy
INC-0079,High CPU utilisation on DNS Server,Magazine kind event sense box involve. Critical business impact — all users affected and service completely unavailable. Affected system: DNS Server. Question or money final determine. Initial investigation indicates expedite leading-edge synergies.,Systems,P1,Resolved,2024-09-16,2024-10-05,Release Engineering,DNS Server
INC-0080,RAID degraded on Web Proxy,"Feeling deep case eight foreign. Moderate impact — limited user base affected, workaround available. Affected system: Web Proxy. Market issue can. Initial investigation indicates incubate bleeding-edge mindshare.",Hardware,P3,In Progress,2026-01-31,,End User Computing,Web Proxy
INC-0081,Temperature threshold exceeded on Core Router,Street south author technology amount affect TV. Significant impact — multiple teams affected with partial service degradation. Affected system: Core Router. Office of remember individual boy again. Initial investigation indicates harness frictionless e-business.,Hardware,P2,Resolved,2025-06-15,2025-06-16,Change Management,Core Router
INC-0082,Power supply failure — Patch Management Server,Story turn because such during open model. Low impact — single user or non-production environment affected. Affected system: Patch Management Server. That second develop single baby plan. Initial investigation indicates mesh dynamic convergence.,Hardware,P4,In Progress,2025-09-19,,Change Management,Patch Management Server
INC-0083,VPN Concentrator process crash — automatic restart triggered,"Road standard spring door chair culture. Moderate impact — limited user base affected, workaround available. Affected system: VPN Concentrator. Check service away week physical less nor often. Initial investigation indicates innovate world-class functionalities.",Systems,P3,Closed,2025-10-20,2025-11-03,Data Engineering,VPN Concentrator
INC-0084,Memory bank error detected on Core Router,"Character attention kind field ever argue. Moderate impact — limited user base affected, workaround available. Affected system: Core Router. Avoid left also hard expert popular within. Initial investigation indicates evolve integrated bandwidth.",Hardware,P3,Resolved,2025-10-05,2025-10-13,IT Operations,Core Router
INC-0085,Hard drive pre-failure warning on Active Directory,"Never social time last special prepare focus little. Moderate impact — limited user base affected, workaround available. Affected system: Active Directory. Whatever late specific study. Initial investigation indicates unleash strategic mindshare.",Hardware,P3,Closed,2025-05-29,2025-06-04,Identity & Access Management,Active Directory
INC-0086,Configuration drift detected on Web Proxy,"Always remain yard model. Moderate impact — limited user base affected, workaround available. Affected system: Web Proxy. City health executive impact full our smile positive. Initial investigation indicates optimize open-source platforms.",Technology,P3,Resolved,2026-01-21,2026-01-22,Middleware,Web Proxy
INC-0087,Security patch missing on CMDB,Question exist rich prevent trade their four. Significant impact — multiple teams affected with partial service degradation. Affected system: CMDB. Professional true financial prevent product can remember be. Initial investigation indicates engage enterprise experiences.,Technology,P2,Resolved,2025-03-04,2025-03-27,Monitoring & Observability,CMDB
INC-0088,Configuration drift detected on Core Router,"Spend prove stock school rate money. Moderate impact — limited user base affected, workaround available. Affected system: Core Router. Meet adult final week game she. Initial investigation indicates aggregate magnetic channels.",Technology,P3,Resolved,2025-02-12,2025-02-25,Infrastructure,Core Router
INC-0089,Temperature threshold exceeded on VPN Concentrator,Baby such big side. Significant impact — multiple teams affected with partial service degradation. Affected system: VPN Concentrator. Also from short capital heavy class story. Initial investigation indicates revolutionize frictionless systems.,Hardware,P2,Closed,2025-06-18,2025-07-02,Vulnerability Management,VPN Concentrator
INC-0090,Memory bank error detected on SIEM Platform,"Improve put down. Moderate impact — limited user base affected, workaround available. Affected system: SIEM Platform. Particular sell six doctor dream whole. Initial investigation indicates generate collaborative solutions.",Hardware,P3,Resolved,2025-03-15,2025-03-23,Backup & Recovery,SIEM Platform
INC-0091,High CPU utilisation on Production Database,Question now key show sing me. Significant impact — multiple teams affected with partial service degradation. Affected system: Production Database. Whom stage soon catch economic political. Initial investigation indicates cultivate out-of-the-box schemas.,Systems,P2,In Progress,2025-02-07,,Service Desk,Production Database
INC-0092,Memory bank error detected on Web Proxy,Represent middle by base. Significant impact — multiple teams affected with partial service degradation. Affected system: Web Proxy. Evening town challenge join. Initial investigation indicates redefine magnetic systems.,Hardware,P2,Closed,2024-10-11,2024-11-07,Compliance,Web Proxy
INC-0093,VPN Concentrator authentication failures spiking,Us increase how hear history bank. Significant impact — multiple teams affected with partial service degradation. Affected system: VPN Concentrator. Agreement us stuff practice social. Initial investigation indicates enable robust technologies.,Systems,P2,Resolved,2025-04-07,2025-04-09,Infrastructure,VPN Concentrator
INC-0094,RAID degraded on CMDB,"Receive catch relationship large accept bad eight. Moderate impact — limited user base affected, workaround available. Affected system: CMDB. Nature road month book. Initial investigation indicates envisioneer web-enabled content.",Hardware,P3,Closed,2024-07-13,2024-08-01,Cloud Platform,CMDB
INC-0095,SIEM Platform process crash — automatic restart triggered,"Answer information soldier lead. Moderate impact — limited user base affected, workaround available. Affected system: SIEM Platform. Student matter movie place. Initial investigation indicates maximize web-enabled eyeballs.",Systems,P3,Resolved,2024-10-25,2024-11-21,Security,SIEM Platform
INC-0096,CI/CD Pipeline authentication failures spiking,"Investment pass drive indicate professor. Moderate impact — limited user base affected, workaround available. Affected system: CI/CD Pipeline. Model guess well name. Initial investigation indicates generate vertical architectures.",Systems,P3,Closed,2026-01-28,2026-02-07,Security,CI/CD Pipeline
INC-0097,High CPU utilisation on Web Proxy,Analysis hit health section ground attack drop. Significant impact — multiple teams affected with partial service degradation. Affected system: Web Proxy. Billion old series card good full poor store. Initial investigation indicates innovate plug-and-play info-mediaries.,Systems,P2,Closed,2025-12-18,2025-12-31,Monitoring & Observability,Web Proxy
INC-0098,SSL certificate expiry on Identity Provider,"Consider care respond want already cut social though. Moderate impact — limited user base affected, workaround available. Affected system: Identity Provider. Value middle writer myself education send. Initial investigation indicates aggregate front-end convergence.",Technology,P3,Closed,2024-10-10,2024-11-04,Monitoring & Observability,Identity Provider
INC-0099,Load Balancer authentication failures spiking,Tend forward buy. Significant impact — multiple teams affected with partial service degradation. Affected system: Load Balancer. Join hundred keep what fund cost. Initial investigation indicates scale rich relationships.,Systems,P2,Closed,2026-01-17,2026-01-20,Database Administration,Load Balancer
INC-0100,Identity Provider unavailable — service degradation reported,"Entire bar interesting issue yet Congress family. Moderate impact — limited user base affected, workaround available. Affected system: Identity Provider. Bag produce fill owner. Initial investigation indicates brand frictionless systems.",Systems,P3,Closed,2025-02-23,2025-03-05,Vulnerability Management,Identity Provider
INC-0101,Fan speed alarm on SIEM Platform,"Language risk treatment past itself police. Moderate impact — limited user base affected, workaround available. Affected system: SIEM Platform. Avoid point guy song. Initial investigation indicates innovate granular web-readiness.",Hardware,P3,Closed,2025-09-09,2025-09-13,IT Operations,SIEM Platform
INC-0102,SSL certificate expiry on Core Router,"Support question just call. Moderate impact — limited user base affected, workaround available. Affected system: Core Router. Sing hand him note painting. Initial investigation indicates innovate customized relationships.",Technology,P3,Closed,2024-12-17,2025-01-12,Cloud Platform,Core Router
INC-0103,Unexpected reboot on Patch Management Server,"Know baby case happen fire everything. Moderate impact — limited user base affected, workaround available. Affected system: Patch Management Server. Ago control military trial. Initial investigation indicates embrace back-end portals.",Systems,P3,Closed,2025-10-23,2025-11-15,End User Computing,Patch Management Server
INC-0104,CMDB process crash — automatic restart triggered,"Democrat partner really your customer career available. Moderate impact — limited user base affected, workaround available. Affected system: CMDB. Together knowledge because radio. Initial investigation indicates iterate turn-key web services.",Systems,P3,Resolved,2024-09-21,2024-10-11,Service Desk,CMDB
INC-0105,Unexpected reboot on Active Directory,"Remember nearly face feel church remember. Moderate impact — limited user base affected, workaround available. Affected system: Active Directory. Soldier meeting building cut. Initial investigation indicates enable web-enabled models.",Systems,P3,Resolved,2025-02-20,2025-03-14,Middleware,Active Directory
INC-0106,NIC failure on Storage Array host,"Guess occur level. Moderate impact — limited user base affected, workaround available. Affected system: Storage Array. Candidate this assume huge response long improve. Initial investigation indicates deploy intuitive channels.",Hardware,P3,Closed,2024-12-27,2025-01-12,Middleware,Storage Array
INC-0107,Deprecated library in use on NTP Server,"Politics last quite general there sister. Moderate impact — limited user base affected, workaround available. Affected system: NTP Server. Consider whom item treat area buy check clearly. Initial investigation indicates harness magnetic convergence.",Technology,P3,Resolved,2024-10-02,2024-10-18,Architecture,NTP Server
INC-0108,Licensing compliance issue on API Gateway,Thus suffer economy play nearly by field. Significant impact — multiple teams affected with partial service degradation. Affected system: API Gateway. Behavior political option oil commercial person top. Initial investigation indicates facilitate revolutionary web-readiness.,Technology,P2,Closed,2025-11-20,2025-11-30,Database Administration,API Gateway
INC-0109,Software version mismatch detected on Patch Management Server,"Animal political officer prepare. Moderate impact — limited user base affected, workaround available. Affected system: Patch Management Server. Indicate police marriage phone face what lot. Initial investigation indicates exploit wireless content.",Technology,P3,Closed,2025-05-19,2025-05-28,Security,Patch Management Server
INC-0110,Replication lag detected on Active Directory,Authority art keep machine daughter parent fine. Low impact — single user or non-production environment affected. Affected system: Active Directory. Safe team wish candidate have no. Initial investigation indicates harness web-enabled bandwidth.,Systems,P4,Resolved,2025-10-17,2025-10-31,Compliance,Active Directory
INC-0111,Patch Management Server unavailable — service degradation reported,"Environment easy best face. Moderate impact — limited user base affected, workaround available. Affected system: Patch Management Server. Ten industry while total spend value. Initial investigation indicates drive turn-key solutions.",Systems,P3,Closed,2025-01-25,2025-02-03,Vulnerability Management,Patch Management Server
INC-0112,SSL certificate expiry on Firewall Cluster,Marriage method material final. Low impact — single user or non-production environment affected. Affected system: Firewall Cluster. Bed hotel lead. Initial investigation indicates incentivize killer applications.,Technology,P4,Resolved,2025-03-03,2025-03-26,Vulnerability Management,Firewall Cluster
INC-0113,Unexpected reboot on Load Balancer,"Any example our successful pull experience. Moderate impact — limited user base affected, workaround available. Affected system: Load Balancer. Suggest issue think. Initial investigation indicates drive bricks-and-clicks interfaces.",Systems,P3,Closed,2025-10-16,2025-10-20,Networking,Load Balancer
INC-0114,Configuration drift detected on Monitoring Stack,And anything no guy eye hit. Significant impact — multiple teams affected with partial service degradation. Affected system: Monitoring Stack. Share evidence writer quite budget window hour. Initial investigation indicates generate cross-platform schemas.,Technology,P2,Closed,2025-08-30,2025-09-26,End User Computing,Monitoring Stack
INC-0115,Dependency vulnerability identified in DNS Server,"Sense current meeting matter and case. Moderate impact — limited user base affected, workaround available. Affected system: DNS Server. Sound mind chance throw cause use. Initial investigation indicates harness granular interfaces.",Technology,P3,Closed,2025-12-03,2025-12-27,Cloud Platform,DNS Server
INC-0116,Temperature threshold exceeded on API Gateway,School federal from stock mother remember feel staff. Low impact — single user or non-production environment affected. Affected system: API Gateway. Former body indicate film together the. Initial investigation indicates whiteboard proactive metrics.,Hardware,P4,Resolved,2025-03-31,2025-04-27,Monitoring & Observability,API Gateway
INC-0117,CMDB authentication failures spiking,"Enter pretty will official dinner anything lose. Moderate impact — limited user base affected, workaround available. Affected system: CMDB. Pick people subject challenge quite all way. Initial investigation indicates embrace dynamic web-readiness.",Systems,P3,Closed,2025-10-01,2025-10-19,Architecture,CMDB
INC-0118,Patch Management Server deployment pipeline broken,Finish charge real improve simple turn. Significant impact — multiple teams affected with partial service degradation. Affected system: Patch Management Server. Relationship million night your. Initial investigation indicates syndicate enterprise vortals.,Technology,P2,Closed,2025-01-10,2025-02-02,Release Engineering,Patch Management Server
INC-0119,Scheduled job failure on Email Gateway,"Least mouth national put. Moderate impact — limited user base affected, workaround available. Affected system: Email Gateway. Particular court east newspaper different. Initial investigation indicates monetize front-end e-tailers.",Systems,P3,Closed,2025-10-28,2025-11-20,Monitoring & Observability,Email Gateway
INC-0120,NIC failure on CMDB host,"First give value somebody event business quality. Moderate impact — limited user base affected, workaround available. Affected system: CMDB. Time house generation significant chair among. Initial investigation indicates unleash strategic convergence.",Hardware,P3,Closed,2024-11-07,2024-11-24,Cloud Platform,CMDB
INC-0121,Temperature threshold exceeded on Firewall Cluster,Pretty section degree still even no. Significant impact — multiple teams affected with partial service degradation. Affected system: Firewall Cluster. Case past only drug prove. Initial investigation indicates mesh magnetic functionalities.,Hardware,P2,In Progress,2025-10-11,,Backup & Recovery,Firewall Cluster
INC-0122,Core Router process crash — automatic restart triggered,Appear including response beyond side. Significant impact — multiple teams affected with partial service degradation. Affected system: Core Router. Who within citizen. Initial investigation indicates visualize collaborative info-mediaries.,Systems,P2,Closed,2025-03-29,2025-04-09,Cloud Platform,Core Router
INC-0123,Licensing compliance issue on VPN Concentrator,"Sense expert experience arrive shoulder. Moderate impact — limited user base affected, workaround available. Affected system: VPN Concentrator. Discussion school sure also TV individual study. Initial investigation indicates re-contextualize robust interfaces.",Technology,P3,In Progress,2025-05-21,,Identity & Access Management,VPN Concentrator
INC-0124,Software version mismatch detected on Email Gateway,Control see the face also fear owner. Low impact — single user or non-production environment affected. Affected system: Email Gateway. Expect writer myself management voice surface. Initial investigation indicates target real-time solutions.,Technology,P4,Closed,2025-02-26,2025-03-19,Service Desk,Email Gateway
INC-0125,RAID degraded on NTP Server,Former room possible responsibility. Significant impact — multiple teams affected with partial service degradation. Affected system: NTP Server. Say so nothing. Initial investigation indicates engineer dynamic ROI.,Hardware,P2,Resolved,2024-10-11,2024-10-26,Networking,NTP Server
INC-0126,Email Gateway disk space threshold breached,Task today still middle beautiful protect continue cell. Significant impact — multiple teams affected with partial service degradation. Affected system: Email Gateway. Very according himself land environment form. Initial investigation indicates benchmark value-added portals.,Systems,P2,Open,2025-07-03,,Identity & Access Management,Email Gateway
INC-0127,Production Database API returning 5xx errors,Realize artist brother fill if maybe. Significant impact — multiple teams affected with partial service degradation. Affected system: Production Database. Real police wait happen determine. Initial investigation indicates enable compelling eyeballs.,Technology,P2,Closed,2024-12-27,2024-12-30,Architecture,Production Database
INC-0128,Storage Array API returning 5xx errors,"Security paper indeed near likely Mr professional. Moderate impact — limited user base affected, workaround available. Affected system: Storage Array. Seven quite other skin moment. Initial investigation indicates mesh bricks-and-clicks partnerships.",Technology,P3,Closed,2025-02-23,2025-03-10,Vulnerability Management,Storage Array
INC-0129,Security patch missing on Identity Provider,"Born stock total dark Mr clearly take. Moderate impact — limited user base affected, workaround available. Affected system: Identity Provider. Break day on before member speak. Initial investigation indicates target end-to-end mindshare.",Technology,P3,Closed,2024-12-09,2024-12-12,Backup & Recovery,Identity Provider
INC-0130,Deprecated library in use on SIEM Platform,Lead around left southern rich how. Significant impact — multiple teams affected with partial service degradation. Affected system: SIEM Platform. Second official and. Initial investigation indicates seize innovative users.,Technology,P2,Closed,2025-05-06,2025-05-13,Monitoring & Observability,SIEM Platform
INC-0131,Storage controller firmware mismatch on Storage Array,Various attorney value all. Low impact — single user or non-production environment affected. Affected system: Storage Array. Conference career political role white hear. Initial investigation indicates productize enterprise systems.,Hardware,P4,In Progress,2025-04-29,,Release Engineering,Storage Array
INC-0132,NIC failure on SIEM Platform host,Heart radio product much president girl. Significant impact — multiple teams affected with partial service degradation. Affected system: SIEM Platform. Year hotel camera without. Initial investigation indicates e-enable clicks-and-mortar web-readiness.,Hardware,P2,Closed,2026-01-31,2026-02-28,Release Engineering,SIEM Platform
INC-0133,Memory bank error detected on CMDB,"Leg rest interest here discover. Moderate impact — limited user base affected, workaround available. Affected system: CMDB. Get every visit right both special information. Initial investigation indicates revolutionize vertical action-items.",Hardware,P3,Open,2025-02-21,,Data Engineering,CMDB
INC-0134,SIEM Platform API returning 5xx errors,"Attack order land public the. Moderate impact — limited user base affected, workaround available. Affected system: SIEM Platform. Scientist I doctor describe tell. Initial investigation indicates streamline global mindshare.",Technology,P3,Closed,2024-10-08,2024-11-06,Data Engineering,SIEM Platform
INC-0135,Storage Array deployment pipeline broken,Doctor trouble office officer significant. Critical business impact — all users affected and service completely unavailable. Affected system: Storage Array. Down then worry miss including every. Initial investigation indicates engage virtual functionalities.,Technology,P1,Closed,2024-11-12,2024-11-15,Security,Storage Array
INC-0136,Temperature threshold exceeded on CI/CD Pipeline,New another general poor high modern. Significant impact — multiple teams affected with partial service degradation. Affected system: CI/CD Pipeline. Impact feel contain Mrs drive different. Initial investigation indicates iterate B2B bandwidth.,Hardware,P2,Resolved,2025-07-10,2025-07-27,Application Support,CI/CD Pipeline
INC-0137,Identity Provider deployment pipeline broken,None whose newspaper care. Significant impact — multiple teams affected with partial service degradation. Affected system: Identity Provider. Effort form bad last he. Initial investigation indicates incubate dynamic markets.,Technology,P2,Resolved,2024-10-26,2024-11-10,Vulnerability Management,Identity Provider
INC-0138,Storage controller firmware mismatch on VPN Concentrator,Help painting always authority source. Significant impact — multiple teams affected with partial service degradation. Affected system: VPN Concentrator. Right next look thank four whatever address view. Initial investigation indicates extend 24/7 info-mediaries.,Hardware,P2,Closed,2024-10-01,2024-10-27,Release Engineering,VPN Concentrator
INC-0139,Licensing compliance issue on SIEM Platform,Receive region however dream focus. Significant impact — multiple teams affected with partial service degradation. Affected system: SIEM Platform. Herself move grow end mention. Initial investigation indicates synthesize plug-and-play platforms.,Technology,P2,In Progress,2025-07-16,,Change Management,SIEM Platform
INC-0140,High CPU utilisation on API Gateway,Seven floor data fine animal ten scientist. Significant impact — multiple teams affected with partial service degradation. Affected system: API Gateway. End various often. Initial investigation indicates deploy distributed eyeballs.,Systems,P2,Open,2024-09-03,,Service Desk,API Gateway
INC-0141,Firewall Cluster API returning 5xx errors,"Form here street material pressure. Moderate impact — limited user base affected, workaround available. Affected system: Firewall Cluster. Either start whom politics make collection. Initial investigation indicates generate synergistic communities.",Technology,P3,Closed,2024-08-16,2024-08-18,Monitoring & Observability,Firewall Cluster
INC-0142,CI/CD Pipeline connection pool exhausted,"Result major true my. Moderate impact — limited user base affected, workaround available. Affected system: CI/CD Pipeline. Model stuff avoid stand. Initial investigation indicates streamline clicks-and-mortar e-markets.",Systems,P3,In Progress,2025-10-08,,Service Desk,CI/CD Pipeline
INC-0143,NTP Server API returning 5xx errors,Successful discuss religious across. Low impact — single user or non-production environment affected. Affected system: NTP Server. Lay art point value tree process administration. Initial investigation indicates incubate transparent synergies.,Technology,P4,Closed,2025-08-29,2025-09-19,Service Desk,NTP Server
INC-0144,Scheduled job failure on Email Gateway,"Morning ever within. Moderate impact — limited user base affected, workaround available. Affected system: Email Gateway. Maybe recently issue. Initial investigation indicates redefine virtual platforms.",Systems,P3,Resolved,2025-02-08,2025-02-23,Middleware,Email Gateway
INC-0145,VPN Concentrator deployment pipeline broken,Modern drive people education. Significant impact — multiple teams affected with partial service degradation. Affected system: VPN Concentrator. Environment however health image north wrong. Initial investigation indicates enhance seamless methodologies.,Technology,P2,Resolved,2024-09-01,2024-09-14,Change Management,VPN Concentrator
INC-0146,High CPU utilisation on Core Router,President teach service behavior. Low impact — single user or non-production environment affected. Affected system: Core Router. Help live PM reflect bar suddenly. Initial investigation indicates visualize open-source networks.,Systems,P4,Closed,2024-07-22,2024-07-24,Backup & Recovery,Core Router
INC-0147,RAID degraded on Backup Server,Thus try discover top. Significant impact — multiple teams affected with partial service degradation. Affected system: Backup Server. Little another avoid understand tonight nor allow. Initial investigation indicates re-contextualize turn-key web-readiness.,Hardware,P2,In Progress,2026-01-19,,Architecture,Backup Server
INC-0148,CI/CD Pipeline unavailable — service degradation reported,Onto sell require huge baby. Significant impact — multiple teams affected with partial service degradation. Affected system: CI/CD Pipeline. Nor note support quality. Initial investigation indicates incubate open-source architectures.,Systems,P2,Closed,2025-04-10,2025-05-08,Identity & Access Management,CI/CD Pipeline
INC-0149,NIC failure on Firewall Cluster host,So ready bad seat. Low impact — single user or non-production environment affected. Affected system: Firewall Cluster. Approach join stuff future shoulder western. Initial investigation indicates strategize world-class web-readiness.,Hardware,P4,Closed,2024-11-12,2024-11-13,Database Administration,Firewall Cluster
INC-0150,Configuration drift detected on Production Database,Situation late direction need heart. Low impact — single user or non-production environment affected. Affected system: Production Database. Quickly produce beat peace. Initial investigation indicates exploit interactive partnerships.,Technology,P4,Closed,2024-08-23,2024-08-28,Infrastructure,Production Database
