ri_id,incident_id,title,description,status,priority,owner_team,due_date
RI-0001,INC-0001,Enable audit logging on CI/CD Pipeline,Environmental here six child. This remediation item relates to the affected system: CI/CD Pipeline. First blood accept final growth especially.,Closed,Medium,IT Operations,2026-03-25
RI-0002,INC-0001,Update CI/CD Pipeline SSL/TLS certificate,Beautiful issue news mention. This remediation item relates to the affected system: CI/CD Pipeline. Ago government behavior our.,Closed,High,IT Operations,2026-03-29
RI-0003,INC-0001,Review and rotate credentials for CI/CD Pipeline,Tell activity including single right nice. This remediation item relates to the affected system: CI/CD Pipeline. Occur college herself catch feeling.,Closed,Low,IT Operations,2026-03-31
RI-0004,INC-0002,Apply emergency patch to Monitoring Stack,Certainly cold every feel site guess want. This remediation item relates to the affected system: Monitoring Stack. Many pattern leader career according how success here.,Open,Medium,IT Operations,2026-04-01
RI-0005,INC-0002,Conduct root cause analysis for Monitoring Stack failure,Key issue statement prepare organization feel. This remediation item relates to the affected system: Monitoring Stack. Water cut fire who why fact reason make.,In Progress,Low,Identity & Access Management,2026-02-18
RI-0006,INC-0002,Implement monitoring alert for Monitoring Stack threshold,Site for exactly skill half usually customer. This remediation item relates to the affected system: Monitoring Stack. Conference should agree road wall decide something.,Open,High,IT Operations,2026-04-24
RI-0007,INC-0003,Increase disk capacity on Patch Management Server,Standard somebody important material. This remediation item relates to the affected system: Patch Management Server. Drug probably resource smile available.,Closed,Medium,IT Operations,2024-09-17
RI-0008,INC-0003,Enable audit logging on Patch Management Server,Look husband media turn reality myself so growth. This remediation item relates to the affected system: Patch Management Server. Order trial body eat professor coach partner.,Open,Medium,Application Support,2024-09-29
RI-0009,INC-0004,Conduct tabletop exercise for Backup Server failure scenario,Worker quality hundred sell whole involve action. This remediation item relates to the affected system: Backup Server. Develop section newspaper reach determine.,Closed,Medium,Cloud Platform,2024-12-24
RI-0010,INC-0004,Conduct root cause analysis for Backup Server failure,Hospital sign open matter general agency. This remediation item relates to the affected system: Backup Server. Far turn beat story.,In Progress,Medium,Cloud Platform,2024-11-28
RI-0011,INC-0005,Update asset register entry for Email Gateway,Give gas six miss. This remediation item relates to the affected system: Email Gateway. Live just recent five feel special.,Open,Low,Middleware,2026-01-26
RI-0012,INC-0006,Update Container Registry SSL/TLS certificate,Against gas body son. This remediation item relates to the affected system: Container Registry. Might necessary former interview left.,Closed,Medium,Service Desk,2024-12-08
RI-0013,INC-0006,Review access permissions on Container Registry,Picture control price how scene third. This remediation item relates to the affected system: Container Registry. Or home relate day sell speak artist.,Closed,Medium,Security,2024-11-17
RI-0014,INC-0006,Escalate Container Registry hardware replacement to vendor,Son Mr hand culture. This remediation item relates to the affected system: Container Registry. Energy television month police.,Closed,Medium,Data Engineering,2024-12-06
RI-0015,INC-0007,Update asset register entry for Firewall Cluster,Home hotel box goal leader common purpose song. This remediation item relates to the affected system: Firewall Cluster. Opportunity public finish draw bring health center home.,In Progress,High,IT Operations,2025-07-05
RI-0016,INC-0008,Document runbook for SIEM Platform incident response,Case himself control player really population yourself never. This remediation item relates to the affected system: SIEM Platform. Eye cost success people tend weight machine.,Closed,Low,Application Support,2025-03-18
RI-0017,INC-0008,Schedule vulnerability scan on SIEM Platform,Spring white measure manager range. This remediation item relates to the affected system: SIEM Platform. Report kitchen cold not somebody determine.,Open,High,Change Management,2025-02-14
RI-0018,INC-0009,Restore Load Balancer from verified backup,Ever Mrs collection. This remediation item relates to the affected system: Load Balancer. Not significant manager member of environmental myself.,Closed,Medium,Service Desk,2024-10-31
RI-0019,INC-0010,Apply emergency patch to Backup Server,My series service kid despite interesting. This remediation item relates to the affected system: Backup Server. Fear yourself last give stage.,Open,Medium,Networking,2025-04-06
RI-0020,INC-0010,Review access permissions on Backup Server,Tend bring speech decide scene ready. This remediation item relates to the affected system: Backup Server. Plan coach cause deal deal arrive go exactly.,Open,Medium,Architecture,2025-03-30
RI-0021,INC-0010,Update firewall rules to restrict access to Backup Server,Collection without fall of weight method too. This remediation item relates to the affected system: Backup Server. Career seek in arrive.,Closed,High,Middleware,2025-02-23
RI-0022,INC-0011,Enable audit logging on SIEM Platform,Term camera tend economic represent. This remediation item relates to the affected system: SIEM Platform. Seven put majority officer environmental.,In Progress,Medium,Cloud Platform,2025-04-27
RI-0023,INC-0011,Raise change request for SIEM Platform remediation,Heart away some shoulder idea seek. This remediation item relates to the affected system: SIEM Platform. Lawyer maintain old than suggest behavior.,Open,Medium,Architecture,2025-04-29
RI-0024,INC-0012,Raise change request for DNS Server remediation,Play recently sure somebody huge why station. This remediation item relates to the affected system: DNS Server. Environmental stock front official not magazine gas.,Closed,High,Security,2025-04-15
RI-0025,INC-0012,Apply emergency patch to DNS Server,Animal phone student. This remediation item relates to the affected system: DNS Server. Buy tax kid.,In Progress,Low,End User Computing,2025-03-13
RI-0026,INC-0013,Conduct root cause analysis for CI/CD Pipeline failure,Yeah into yet. This remediation item relates to the affected system: CI/CD Pipeline. Think few themselves theory.,Open,Medium,DevOps,2025-10-12
RI-0027,INC-0013,Verify backup integrity for CI/CD Pipeline,Pressure economy head tough. This remediation item relates to the affected system: CI/CD Pipeline. Appear personal rise sense.,Closed,Medium,DevOps,2025-11-04
RI-0028,INC-0014,Review and rotate credentials for Monitoring Stack,Pretty region ability live car difficult. This remediation item relates to the affected system: Monitoring Stack. Act receive stage write institution car.,In Progress,Medium,Architecture,2026-02-10
RI-0029,INC-0014,Enable audit logging on Monitoring Stack,Director become south billion. This remediation item relates to the affected system: Monitoring Stack. Thing case similar send card year.,Closed,Medium,Backup & Recovery,2026-03-26
RI-0030,INC-0014,Increase disk capacity on Monitoring Stack,Attention none particular clearly. This remediation item relates to the affected system: Monitoring Stack. Reveal physical character in rather team.,Open,Medium,Change Management,2026-03-31
RI-0031,INC-0015,Enable audit logging on SIEM Platform,To cause but role. This remediation item relates to the affected system: SIEM Platform. White fire cause everybody base network.,Closed,High,Service Desk,2025-01-20
RI-0032,INC-0016,Increase disk capacity on Monitoring Stack,Return expect wait agree suggest then day parent. This remediation item relates to the affected system: Monitoring Stack. Security far approach today west.,Closed,Medium,Middleware,2026-01-13
RI-0033,INC-0017,Update firewall rules to restrict access to Web Proxy,History drop point audience thousand activity guess. This remediation item relates to the affected system: Web Proxy. Car team nothing half raise several.,Closed,High,Compliance,2025-02-21
RI-0034,INC-0018,Update Active Directory SSL/TLS certificate,Admit attack energy always. This remediation item relates to the affected system: Active Directory. We huge expert Republican.,Closed,Low,Compliance,2025-12-15
RI-0035,INC-0018,Implement monitoring alert for Active Directory threshold,Interest I policy Mrs check base. This remediation item relates to the affected system: Active Directory. Memory data space movie.,In Progress,High,Networking,2025-12-16
RI-0036,INC-0019,Update asset register entry for Load Balancer,Only shake power poor financial join. This remediation item relates to the affected system: Load Balancer. Around beat its law participant.,In Progress,Medium,End User Computing,2025-05-31
RI-0037,INC-0020,Review access permissions on VPN Concentrator,Program price compare actually case. This remediation item relates to the affected system: VPN Concentrator. Clearly well mission.,Closed,Medium,Networking,2024-12-12
RI-0038,INC-0020,Update asset register entry for VPN Concentrator,Cold camera sit environmental though. This remediation item relates to the affected system: VPN Concentrator. Friend investment model.,In Progress,Medium,Networking,2024-12-28
RI-0039,INC-0020,Update VPN Concentrator SSL/TLS certificate,Republican office baby lawyer growth. This remediation item relates to the affected system: VPN Concentrator. Teacher cold church significant thus purpose boy.,Closed,Medium,Networking,2025-01-19
RI-0040,INC-0021,Escalate NTP Server hardware replacement to vendor,Able teach activity animal hair turn condition. This remediation item relates to the affected system: NTP Server. Need trial scientist.,Open,Low,Compliance,2026-01-29
RI-0041,INC-0021,Increase disk capacity on NTP Server,Different eat trouble floor step number. This remediation item relates to the affected system: NTP Server. Maybe top conference source.,In Progress,Medium,Data Engineering,2026-01-23
RI-0042,INC-0022,Re-baseline configuration on Patch Management Server,West attention let. This remediation item relates to the affected system: Patch Management Server. Similar financial beat lead hard.,In Progress,Medium,Backup & Recovery,2025-11-08
RI-0043,INC-0022,Conduct root cause analysis for Patch Management Server failure,Nor fight performance less option. This remediation item relates to the affected system: Patch Management Server. Young simply run national somebody character usually.,Closed,Low,Change Management,2025-10-30
RI-0044,INC-0022,Restore Patch Management Server from verified backup,Do get style. This remediation item relates to the affected system: Patch Management Server. Week ability price.,Open,Medium,Change Management,2025-12-15
RI-0045,INC-0023,Restore Load Balancer from verified backup,Billion morning draw man art. This remediation item relates to the affected system: Load Balancer. Republican behavior TV today.,In Progress,Low,Service Desk,2024-09-09
RI-0046,INC-0023,Review access permissions on Load Balancer,Including time learn security oil measure PM. This remediation item relates to the affected system: Load Balancer. Avoid nothing itself who door end.,Closed,High,Service Desk,2024-09-02
RI-0047,INC-0023,Conduct root cause analysis for Load Balancer failure,Unit hotel story for laugh do. This remediation item relates to the affected system: Load Balancer. Carry show board black last.,Closed,Medium,Data Engineering,2024-08-23
RI-0048,INC-0024,Review access permissions on API Gateway,Image movie who debate final enter. This remediation item relates to the affected system: API Gateway. Bed space fight relate.,Open,Medium,Security,2026-02-05
RI-0049,INC-0025,Increase disk capacity on Storage Array,American structure foreign before eat green message quality. This remediation item relates to the affected system: Storage Array. Star community weight take new.,Open,Medium,Architecture,2025-03-30
RI-0050,INC-0025,Increase disk capacity on Storage Array,Economic left sound cause activity store work. This remediation item relates to the affected system: Storage Array. Cup hundred rather visit.,Closed,Medium,Compliance,2025-04-05
RI-0051,INC-0025,Update firewall rules to restrict access to Storage Array,Old else spend against. This remediation item relates to the affected system: Storage Array. Cup position speak begin.,Closed,Medium,Architecture,2025-05-05
RI-0052,INC-0026,Restore Container Registry from verified backup,Business walk anything under item right. This remediation item relates to the affected system: Container Registry. Ahead raise common Democrat cost evidence third.,Closed,Medium,Monitoring & Observability,2025-11-09
RI-0053,INC-0026,Implement monitoring alert for Container Registry threshold,Pass pay positive. This remediation item relates to the affected system: Container Registry. Include nearly article evidence case current this.,Open,High,Monitoring & Observability,2025-09-20
RI-0054,INC-0027,Raise change request for Email Gateway remediation,Eat yes myself affect him require look. This remediation item relates to the affected system: Email Gateway. General not focus establish ago others ahead.,Open,Medium,DevOps,2025-07-13
RI-0055,INC-0027,Implement monitoring alert for Email Gateway threshold,Around yard morning short yourself. This remediation item relates to the affected system: Email Gateway. Beyond prevent entire staff.,Open,Low,Security,2025-07-18
RI-0056,INC-0027,Enable audit logging on Email Gateway,Shake way offer work. This remediation item relates to the affected system: Email Gateway. Great stuff suddenly compare or south.,In Progress,Medium,Backup & Recovery,2025-08-22
RI-0057,INC-0028,Verify backup integrity for CI/CD Pipeline,Trial agreement red way nor none. This remediation item relates to the affected system: CI/CD Pipeline. Student special wife my compare.,In Progress,Low,Application Support,2025-03-19
RI-0058,INC-0029,Conduct tabletop exercise for Firewall Cluster failure scenario,Bed discussion despite. This remediation item relates to the affected system: Firewall Cluster. Long forward pass southern future concern sort.,In Progress,High,Service Desk,2026-03-08
RI-0059,INC-0029,Enable audit logging on Firewall Cluster,Arrive challenge relate center book money. This remediation item relates to the affected system: Firewall Cluster. Whether health walk how big few.,Closed,Low,Security,2026-02-05
RI-0060,INC-0030,Update asset register entry for Production Database,Wish run join police. This remediation item relates to the affected system: Production Database. Power company why really up skin development.,Closed,Medium,Compliance,2025-12-07
RI-0061,INC-0030,Conduct root cause analysis for Production Database failure,Sport her safe family concern ability reduce of. This remediation item relates to the affected system: Production Database. Allow own TV whose determine not view.,In Progress,Low,IT Operations,2025-12-28
RI-0062,INC-0030,Raise change request for Production Database remediation,Former back get floor. This remediation item relates to the affected system: Production Database. Start prove role from.,Open,Medium,Change Management,2025-12-22
RI-0063,INC-0031,Enable audit logging on Active Directory,Enter economic attack. This remediation item relates to the affected system: Active Directory. Skin result answer just information.,Open,Medium,Release Engineering,2025-05-12
RI-0064,INC-0032,Update CMDB SSL/TLS certificate,This manage her national. This remediation item relates to the affected system: CMDB. Stock small official serve.,In Progress,Medium,Identity & Access Management,2025-02-06
RI-0065,INC-0033,Implement monitoring alert for API Gateway threshold,Class available suffer far five. This remediation item relates to the affected system: API Gateway. Avoid color heart rule.,Open,Low,Cloud Platform,2024-11-03
RI-0066,INC-0034,Update asset register entry for Monitoring Stack,Walk within full world throw relate issue. This remediation item relates to the affected system: Monitoring Stack. Parent its approach former.,In Progress,High,Security,2025-01-31
RI-0067,INC-0034,Re-baseline configuration on Monitoring Stack,Important never understand music produce. This remediation item relates to the affected system: Monitoring Stack. Down anyone occur style child.,Closed,Medium,Security,2025-03-29
RI-0068,INC-0034,Escalate Monitoring Stack hardware replacement to vendor,About because station person lose best. This remediation item relates to the affected system: Monitoring Stack. Color factor bank such final.,In Progress,High,Security,2025-02-20
RI-0069,INC-0035,Conduct tabletop exercise for Storage Array failure scenario,Likely thus enter politics hold he. This remediation item relates to the affected system: Storage Array. Hard knowledge enjoy let difficult environmental.,Open,Low,DevOps,2024-10-26
RI-0070,INC-0035,Apply emergency patch to Storage Array,Character recent benefit property. This remediation item relates to the affected system: Storage Array. Including series dinner article hit mission whole.,Closed,Medium,DevOps,2024-09-11
RI-0071,INC-0035,Apply emergency patch to Storage Array,Of dog federal house take alone number. This remediation item relates to the affected system: Storage Array. Song quality per build serious common worker.,Closed,High,DevOps,2024-10-16
RI-0072,INC-0036,Update firewall rules to restrict access to SIEM Platform,Speak call interest write itself. This remediation item relates to the affected system: SIEM Platform. Challenge organization floor road southern beautiful news need.,Closed,Medium,Identity & Access Management,2025-08-07
RI-0073,INC-0036,Raise change request for SIEM Platform remediation,Mind true actually red onto. This remediation item relates to the affected system: SIEM Platform. Both change note old who beyond.,Closed,Medium,Identity & Access Management,2025-07-31
RI-0074,INC-0036,Increase disk capacity on SIEM Platform,None big experience movie. This remediation item relates to the affected system: SIEM Platform. There enough pressure occur list common.,Closed,High,Identity & Access Management,2025-06-03
RI-0075,INC-0037,Update API Gateway SSL/TLS certificate,Century participant really although threat former. This remediation item relates to the affected system: API Gateway. Any little environmental head full.,In Progress,Medium,Identity & Access Management,2024-08-06
RI-0076,INC-0038,Review and rotate credentials for Backup Server,Financial successful teach range win. This remediation item relates to the affected system: Backup Server. Care wind kitchen stay especially.,In Progress,Medium,Backup & Recovery,2025-05-04
RI-0077,INC-0039,Update asset register entry for Container Registry,Painting become kid tree imagine machine. This remediation item relates to the affected system: Container Registry. Test start middle city find medical career.,Closed,Low,Backup & Recovery,2024-12-31
RI-0078,INC-0039,Review and rotate credentials for Container Registry,These ahead cover strategy student economic lead. This remediation item relates to the affected system: Container Registry. Relate ever statement measure play buy.,In Progress,High,Identity & Access Management,2025-01-17
RI-0079,INC-0039,Escalate Container Registry hardware replacement to vendor,Drop major land. This remediation item relates to the affected system: Container Registry. Only glass clear thus see read expect.,Closed,Low,IT Operations,2025-03-02
RI-0080,INC-0040,Re-baseline configuration on Active Directory,Anyone take sister Democrat determine different. This remediation item relates to the affected system: Active Directory. Especially important after sister should.,In Progress,Low,Identity & Access Management,2025-05-23
RI-0081,INC-0041,Conduct root cause analysis for Firewall Cluster failure,Listen car community. This remediation item relates to the affected system: Firewall Cluster. Difference part wall.,Closed,Medium,Release Engineering,2025-02-10
RI-0082,INC-0041,Review access permissions on Firewall Cluster,Interest heavy give edge level. This remediation item relates to the affected system: Firewall Cluster. Station however bill memory production successful hear.,Closed,Medium,DevOps,2025-02-22
RI-0083,INC-0042,Schedule vulnerability scan on SIEM Platform,Participant fear blue as write political technology end. This remediation item relates to the affected system: SIEM Platform. Could military drive arm tax.,Closed,Medium,Application Support,2025-12-07
RI-0084,INC-0042,Restore SIEM Platform from verified backup,Identify floor cause agent market fast trade identify. This remediation item relates to the affected system: SIEM Platform. On yes staff.,Closed,Medium,Application Support,2025-12-07
RI-0085,INC-0042,Escalate SIEM Platform hardware replacement to vendor,Risk develop movement size trade public. This remediation item relates to the affected system: SIEM Platform. Feel color price next family likely scientist.,In Progress,Medium,Application Support,2026-01-20
RI-0086,INC-0043,Update SIEM Platform SSL/TLS certificate,Several consumer quite friend become great season. This remediation item relates to the affected system: SIEM Platform. Inside thought he one less.,In Progress,Medium,Monitoring & Observability,2024-09-01
RI-0087,INC-0043,Schedule vulnerability scan on SIEM Platform,Like term on want. This remediation item relates to the affected system: SIEM Platform. Line create build quite.,Closed,Low,Monitoring & Observability,2024-07-25
RI-0088,INC-0044,Increase disk capacity on Patch Management Server,Fear approach take case customer important notice. This remediation item relates to the affected system: Patch Management Server. Century television Congress ball forward would finish.,In Progress,Low,Cloud Platform,2025-10-15
RI-0089,INC-0044,Conduct tabletop exercise for Patch Management Server failure scenario,Above event seven collection. This remediation item relates to the affected system: Patch Management Server. Majority shake because pass.,Open,High,Database Administration,2025-11-10
RI-0090,INC-0044,Review and rotate credentials for Patch Management Server,Idea whole himself also current health. This remediation item relates to the affected system: Patch Management Server. Throughout series most.,Closed,Medium,Database Administration,2025-11-11
RI-0091,INC-0045,Implement monitoring alert for VPN Concentrator threshold,Quality phone eat. This remediation item relates to the affected system: VPN Concentrator. Fine bill me fill assume animal.,Closed,Medium,Cloud Platform,2025-09-01
RI-0092,INC-0046,Apply emergency patch to Email Gateway,Lay minute model its rather. This remediation item relates to the affected system: Email Gateway. Garden top grow could.,Closed,Medium,DevOps,2025-04-05
RI-0093,INC-0047,Schedule vulnerability scan on NTP Server,Affect difference world deep against mean. This remediation item relates to the affected system: NTP Server. Hand practice also theory.,Closed,High,Vulnerability Management,2025-04-19
RI-0094,INC-0047,Re-baseline configuration on NTP Server,Side perhaps order answer blue. This remediation item relates to the affected system: NTP Server. Answer break know.,Open,Low,Service Desk,2025-05-10
RI-0095,INC-0048,Conduct tabletop exercise for Active Directory failure scenario,Natural listen check receive. This remediation item relates to the affected system: Active Directory. Act inside big minute performance red industry together.,Closed,Low,Networking,2025-07-30
RI-0096,INC-0048,Verify backup integrity for Active Directory,Responsibility brother box blood cup current enjoy. This remediation item relates to the affected system: Active Directory. Win group important civil nature travel read.,Closed,Low,Database Administration,2025-07-10
RI-0097,INC-0048,Update Active Directory SSL/TLS certificate,Former able public trade structure protect chance. This remediation item relates to the affected system: Active Directory. Single avoid rich toward.,Closed,High,IT Operations,2025-07-15
RI-0098,INC-0049,Apply emergency patch to SIEM Platform,Lead with enough anyone spend. This remediation item relates to the affected system: SIEM Platform. System growth quality.,In Progress,Medium,Service Desk,2024-12-31
RI-0099,INC-0049,Implement monitoring alert for SIEM Platform threshold,School believe serve animal system professional. This remediation item relates to the affected system: SIEM Platform. Forget thus western environmental.,Closed,High,IT Operations,2024-12-11
RI-0100,INC-0050,Update asset register entry for Container Registry,Head garden box hundred. This remediation item relates to the affected system: Container Registry. Even history surface son power someone both.,Closed,Low,Backup & Recovery,2025-05-17
RI-0101,INC-0050,Review access permissions on Container Registry,Word such billion treat. This remediation item relates to the affected system: Container Registry. Soon question consider here grow agreement range.,Closed,Medium,Backup & Recovery,2025-05-10
RI-0102,INC-0050,Verify backup integrity for Container Registry,Low maintain thought key. This remediation item relates to the affected system: Container Registry. Energy fire relate question.,Closed,High,Backup & Recovery,2025-03-21
RI-0103,INC-0051,Conduct root cause analysis for SIEM Platform failure,Rich difference what their mind read peace. This remediation item relates to the affected system: SIEM Platform. Product eat generation put his stuff.,Closed,Medium,Networking,2026-01-07
RI-0104,INC-0052,Document runbook for Firewall Cluster incident response,Throughout party activity various measure light many. This remediation item relates to the affected system: Firewall Cluster. Avoid man drive wife.,In Progress,Low,Middleware,2025-02-18
RI-0105,INC-0052,Re-baseline configuration on Firewall Cluster,Medical nearly her. This remediation item relates to the affected system: Firewall Cluster. Bad know of because material.,Closed,Medium,Data Engineering,2025-01-29
RI-0106,INC-0052,Verify backup integrity for Firewall Cluster,Budget market president bill include news. This remediation item relates to the affected system: Firewall Cluster. Stay social white.,Open,Medium,Cloud Platform,2025-03-29
RI-0107,INC-0053,Review access permissions on Container Registry,Three none pressure lay future. This remediation item relates to the affected system: Container Registry. Staff such forward.,Closed,Medium,Monitoring & Observability,2025-10-07
RI-0108,INC-0054,Schedule vulnerability scan on Backup Server,Outside respond guy laugh best probably able great. This remediation item relates to the affected system: Backup Server. Natural hear blood to manage.,Closed,Low,Infrastructure,2024-10-21
RI-0109,INC-0054,Update asset register entry for Backup Server,Blood particularly could us hotel lead. This remediation item relates to the affected system: Backup Server. Response blue increase unit study.,Closed,Medium,Architecture,2024-10-06
RI-0110,INC-0054,Increase disk capacity on Backup Server,But through leader operation mean white above save. This remediation item relates to the affected system: Backup Server. Very stuff lot meet TV concern official.,In Progress,High,Architecture,2024-09-05
RI-0111,INC-0055,Update asset register entry for Container Registry,Billion price paper focus. This remediation item relates to the affected system: Container Registry. Industry participant realize eat huge garden.,In Progress,Medium,Application Support,2024-10-12
RI-0112,INC-0055,Review access permissions on Container Registry,Laugh card include record security. This remediation item relates to the affected system: Container Registry. Successful natural finish say network.,Closed,Low,Application Support,2024-11-14
RI-0113,INC-0056,Raise change request for Identity Provider remediation,Cut person fact generation public. This remediation item relates to the affected system: Identity Provider. Mean reason follow break.,Closed,Medium,DevOps,2025-07-25
RI-0114,INC-0056,Conduct tabletop exercise for Identity Provider failure scenario,No old wall report purpose throw. This remediation item relates to the affected system: Identity Provider. Experience suggest space mission agent certainly prove.,In Progress,High,Data Engineering,2025-07-03
RI-0115,INC-0057,Document runbook for Backup Server incident response,Environment size worker raise chair. This remediation item relates to the affected system: Backup Server. Real far send allow.,Closed,Low,Identity & Access Management,2025-09-17
RI-0116,INC-0057,Re-baseline configuration on Backup Server,Bill test science ten score night down. This remediation item relates to the affected system: Backup Server. Realize another high indicate small.,Closed,Medium,Cloud Platform,2025-10-11
RI-0117,INC-0058,Update asset register entry for VPN Concentrator,Whole approach season data than team. This remediation item relates to the affected system: VPN Concentrator. Stop treatment relate positive sense national.,Open,Low,Release Engineering,2025-07-25
RI-0118,INC-0058,Document runbook for VPN Concentrator incident response,Cultural right cover large work avoid while same. This remediation item relates to the affected system: VPN Concentrator. Help investment news candidate.,In Progress,Medium,Release Engineering,2025-05-28
RI-0119,INC-0059,Update asset register entry for Patch Management Server,Suffer accept letter visit always up others similar. This remediation item relates to the affected system: Patch Management Server. Past product make of group six fish detail.,In Progress,High,Identity & Access Management,2025-10-23
RI-0120,INC-0059,Schedule vulnerability scan on Patch Management Server,Minute skill city myself. This remediation item relates to the affected system: Patch Management Server. Begin determine degree forward guess despite.,Closed,Low,Identity & Access Management,2025-11-25
RI-0121,INC-0059,Review and rotate credentials for Patch Management Server,Most you statement wonder across protect knowledge toward. This remediation item relates to the affected system: Patch Management Server. Truth during always those high someone box either.,Closed,High,Identity & Access Management,2025-12-19
RI-0122,INC-0060,Raise change request for Core Router remediation,Agency might side method meet. This remediation item relates to the affected system: Core Router. Analysis together court message way cold what.,In Progress,Medium,Database Administration,2026-01-08
RI-0123,INC-0060,Conduct root cause analysis for Core Router failure,Mouth phone decision picture defense rate structure. This remediation item relates to the affected system: Core Router. Mrs reflect wish simple position.,In Progress,Low,Database Administration,2026-02-05
RI-0124,INC-0061,Implement monitoring alert for Identity Provider threshold,Section child learn forward. This remediation item relates to the affected system: Identity Provider. Available concern edge audience.,Open,Medium,IT Operations,2025-04-08
RI-0125,INC-0061,Review and rotate credentials for Identity Provider,Treat imagine later identify first. This remediation item relates to the affected system: Identity Provider. Pull movement political peace series one.,Open,Medium,IT Operations,2025-04-04
RI-0126,INC-0062,Raise change request for Patch Management Server remediation,Group me face rate. This remediation item relates to the affected system: Patch Management Server. Beat she join house produce listen mouth carry.,Open,Low,Networking,2025-03-11
RI-0127,INC-0063,Escalate Firewall Cluster hardware replacement to vendor,Someone support far plant fear thought. This remediation item relates to the affected system: Firewall Cluster. Whatever action themselves center among of.,Closed,Medium,Infrastructure,2025-04-30
RI-0128,INC-0063,Escalate Firewall Cluster hardware replacement to vendor,Mr water fight security tough gas. This remediation item relates to the affected system: Firewall Cluster. Town surface central contain pattern education.,In Progress,High,Monitoring & Observability,2025-04-07
RI-0129,INC-0063,Escalate Firewall Cluster hardware replacement to vendor,Consider son system surface. This remediation item relates to the affected system: Firewall Cluster. Leave near fact attack better rise maintain.,Closed,Medium,Infrastructure,2025-02-27
RI-0130,INC-0064,Document runbook for Load Balancer incident response,Ground provide doctor expect attorney cover. This remediation item relates to the affected system: Load Balancer. Late pattern figure once not hair first.,Closed,Medium,Service Desk,2025-11-15
RI-0131,INC-0064,Increase disk capacity on Load Balancer,Collection finish size Republican political everybody. This remediation item relates to the affected system: Load Balancer. Care run there leg grow figure.,Open,Medium,Service Desk,2025-10-29
RI-0132,INC-0065,Conduct root cause analysis for API Gateway failure,Board population bank exactly step through cultural. This remediation item relates to the affected system: API Gateway. Baby away affect medical all old if operation.,Open,Medium,Data Engineering,2026-02-04
RI-0133,INC-0065,Re-baseline configuration on API Gateway,Necessary myself your. This remediation item relates to the affected system: API Gateway. President chance hotel through operation tax card.,In Progress,Low,Security,2026-02-11
RI-0134,INC-0065,Implement monitoring alert for API Gateway threshold,Member however maybe production summer southern pass. This remediation item relates to the affected system: API Gateway. Serious cell city not.,Closed,Medium,Data Engineering,2026-02-12
RI-0135,INC-0066,Restore Patch Management Server from verified backup,Process whose save low grow despite maintain. This remediation item relates to the affected system: Patch Management Server. Enough doctor protect military.,In Progress,Medium,Vulnerability Management,2025-06-02
RI-0136,INC-0066,Schedule vulnerability scan on Patch Management Server,Hold truth thing always possible billion. This remediation item relates to the affected system: Patch Management Server. Plant event score official now heavy her.,Closed,High,Vulnerability Management,2025-04-25
RI-0137,INC-0067,Document runbook for SIEM Platform incident response,President structure might heavy trade might good test. This remediation item relates to the affected system: SIEM Platform. Society thought according think key discover method.,Closed,Low,Vulnerability Management,2024-11-07
RI-0138,INC-0067,Review access permissions on SIEM Platform,Deep cost gun response brother. This remediation item relates to the affected system: SIEM Platform. Increase form box push look.,In Progress,Medium,IT Operations,2024-11-06
RI-0139,INC-0068,Verify backup integrity for Core Router,Claim street against amount of claim picture always. This remediation item relates to the affected system: Core Router. Chair coach two might if wide point.,In Progress,Low,Cloud Platform,2025-01-29
RI-0140,INC-0068,Escalate Core Router hardware replacement to vendor,Water describe paper likely loss. This remediation item relates to the affected system: Core Router. Store over some star consider.,Open,Low,Service Desk,2024-12-26
RI-0141,INC-0068,Conduct tabletop exercise for Core Router failure scenario,Enough right garden law opportunity discover history. This remediation item relates to the affected system: Core Router. Admit mission training range.,Closed,Medium,Service Desk,2025-01-12
RI-0142,INC-0069,Schedule vulnerability scan on NTP Server,Painting concern top outside. This remediation item relates to the affected system: NTP Server. Me brother lot candidate owner still to.,Closed,Medium,Monitoring & Observability,2026-02-07
RI-0143,INC-0069,Document runbook for NTP Server incident response,Miss have analysis morning director sort. This remediation item relates to the affected system: NTP Server. Go source traditional student office international.,In Progress,Medium,Monitoring & Observability,2026-03-29
RI-0144,INC-0069,Document runbook for NTP Server incident response,Local discussion teacher exist theory. This remediation item relates to the affected system: NTP Server. Election accept season according mission mind.,Open,Medium,Monitoring & Observability,2026-03-22
RI-0145,INC-0070,Apply emergency patch to Active Directory,Pressure reach firm gun choice prepare. This remediation item relates to the affected system: Active Directory. End movie north partner yeah.,Closed,Low,Architecture,2025-12-05
RI-0146,INC-0071,Update asset register entry for VPN Concentrator,Sense including six lot have never. This remediation item relates to the affected system: VPN Concentrator. Write officer similar huge catch.,Closed,Low,Monitoring & Observability,2025-04-02
RI-0147,INC-0071,Review and rotate credentials for VPN Concentrator,Security land record class. This remediation item relates to the affected system: VPN Concentrator. Meet skill song pass range.,Closed,High,Monitoring & Observability,2025-05-09
RI-0148,INC-0072,Review and rotate credentials for DNS Server,Claim who accept. This remediation item relates to the affected system: DNS Server. Statement likely outside because.,Closed,High,Security,2025-11-27
RI-0149,INC-0072,Increase disk capacity on DNS Server,Develop bag also his worker. This remediation item relates to the affected system: DNS Server. Prevent expert white arm similar compare manager action.,Closed,High,Infrastructure,2025-12-12
RI-0150,INC-0072,Escalate DNS Server hardware replacement to vendor,Experience almost outside middle discuss college already. This remediation item relates to the affected system: DNS Server. Pretty wish beautiful every human.,Closed,High,Identity & Access Management,2025-12-17
RI-0151,INC-0073,Verify backup integrity for Storage Array,If customer address region try near. This remediation item relates to the affected system: Storage Array. Trip give white everybody paper create upon.,Closed,Low,Backup & Recovery,2024-10-25
RI-0152,INC-0073,Schedule vulnerability scan on Storage Array,Above company media next me future bring. This remediation item relates to the affected system: Storage Array. What then spend offer reason whom none.,Open,High,Middleware,2024-10-28
RI-0153,INC-0073,Restore Storage Array from verified backup,Serious which learn leave only. This remediation item relates to the affected system: Storage Array. Loss election him.,Open,Medium,Release Engineering,2024-11-14
RI-0154,INC-0074,Restore DNS Server from verified backup,Quality discover firm western might. This remediation item relates to the affected system: DNS Server. Red enjoy expert.,Closed,Medium,Compliance,2025-04-08
RI-0155,INC-0075,Update firewall rules to restrict access to SIEM Platform,Purpose start away use live government. This remediation item relates to the affected system: SIEM Platform. Especially water raise travel material current save.,In Progress,High,Monitoring & Observability,2025-11-25
RI-0156,INC-0075,Document runbook for SIEM Platform incident response,Deal dark economic peace choose. This remediation item relates to the affected system: SIEM Platform. Build bad what manage.,Open,Medium,Identity & Access Management,2026-01-04
RI-0157,INC-0076,Apply emergency patch to Core Router,Share must amount. This remediation item relates to the affected system: Core Router. He firm together thing off ever consumer.,In Progress,Medium,IT Operations,2024-09-14
RI-0158,INC-0076,Conduct root cause analysis for Core Router failure,Exactly develop office approach son long must. This remediation item relates to the affected system: Core Router. Girl team simply lead build million firm.,In Progress,High,End User Computing,2024-10-18
RI-0159,INC-0077,Conduct root cause analysis for CMDB failure,Activity decision ok. This remediation item relates to the affected system: CMDB. Gun technology cost enjoy especially when.,Closed,Low,IT Operations,2026-03-31
RI-0160,INC-0077,Implement monitoring alert for CMDB threshold,Hand material decision red head take. This remediation item relates to the affected system: CMDB. Late number without rather sport.,In Progress,Medium,Cloud Platform,2026-03-31
RI-0161,INC-0077,Verify backup integrity for CMDB,Sound new task cultural son. This remediation item relates to the affected system: CMDB. List act instead care.,Closed,Low,Data Engineering,2026-03-11
RI-0162,INC-0078,Raise change request for Web Proxy remediation,Military result size feel no nothing huge real. This remediation item relates to the affected system: Web Proxy. Democratic effect stuff benefit.,In Progress,Medium,DevOps,2025-01-07
RI-0163,INC-0079,Verify backup integrity for DNS Server,Employee growth newspaper special general in. This remediation item relates to the affected system: DNS Server. Test white current office power company.,Closed,High,Release Engineering,2024-12-07
RI-0164,INC-0080,Raise change request for Web Proxy remediation,Great pull maintain say threat. This remediation item relates to the affected system: Web Proxy. Party less what than political up.,In Progress,Medium,End User Computing,2026-04-29
RI-0165,INC-0080,Raise change request for Web Proxy remediation,Piece occur support author class direction. This remediation item relates to the affected system: Web Proxy. President report painting house thought sit.,In Progress,High,End User Computing,2026-03-02
RI-0166,INC-0081,Review and rotate credentials for Core Router,Security minute late cold take by. This remediation item relates to the affected system: Core Router. Product wait red bag cold.,Closed,Medium,Release Engineering,2025-08-07
RI-0167,INC-0081,Schedule vulnerability scan on Core Router,Believe view list approach. This remediation item relates to the affected system: Core Router. Model you billion peace base use.,Closed,Medium,Change Management,2025-09-11
RI-0168,INC-0082,Update Patch Management Server SSL/TLS certificate,Finally easy exist phone capital stuff. This remediation item relates to the affected system: Patch Management Server. Along ground trip.,Closed,Medium,Networking,2025-10-10
RI-0169,INC-0082,Update asset register entry for Patch Management Server,Level that various nature career way much. This remediation item relates to the affected system: Patch Management Server. Our piece player nor model police finally girl.,Open,Medium,Monitoring & Observability,2025-10-20
RI-0170,INC-0083,Increase disk capacity on VPN Concentrator,Dinner become film include choose action model. This remediation item relates to the affected system: VPN Concentrator. Gas light across two.,In Progress,Low,Data Engineering,2025-12-21
RI-0171,INC-0083,Verify backup integrity for VPN Concentrator,Federal she something others someone nature country. This remediation item relates to the affected system: VPN Concentrator. Join economic resource position stock determine bad.,Open,Low,Data Engineering,2025-11-18
RI-0172,INC-0084,Increase disk capacity on Core Router,Dream share travel space range expect sea speak. This remediation item relates to the affected system: Core Router. Could attention carry book lay laugh.,Closed,Medium,Infrastructure,2025-11-16
RI-0173,INC-0084,Escalate Core Router hardware replacement to vendor,Man fly charge wide against win example by. This remediation item relates to the affected system: Core Router. Road do character management game find.,In Progress,Medium,IT Operations,2025-12-12
RI-0174,INC-0084,Document runbook for Core Router incident response,Your less social form such weight argue. This remediation item relates to the affected system: Core Router. Author like court success stage stock.,In Progress,Medium,IT Operations,2025-11-23
RI-0175,INC-0085,Conduct root cause analysis for Active Directory failure,Window research his window. This remediation item relates to the affected system: Active Directory. Scene almost leave side miss.,Open,Medium,Identity & Access Management,2025-06-14
RI-0176,INC-0085,Update firewall rules to restrict access to Active Directory,List race fine follow pick. This remediation item relates to the affected system: Active Directory. Seat near business.,Open,High,Security,2025-08-27
RI-0177,INC-0085,Document runbook for Active Directory incident response,Police cup thought tell design both plan. This remediation item relates to the affected system: Active Directory. Address some once how during why.,Closed,Medium,Identity & Access Management,2025-07-11
RI-0178,INC-0086,Implement monitoring alert for Web Proxy threshold,Situation little other he become citizen before peace. This remediation item relates to the affected system: Web Proxy. Art green child movie blue maintain first next.,Closed,High,Middleware,2026-04-18
RI-0179,INC-0087,Review access permissions on CMDB,South just cover ready group care. This remediation item relates to the affected system: CMDB. Magazine join far.,In Progress,Low,Monitoring & Observability,2025-05-23
RI-0180,INC-0087,Escalate CMDB hardware replacement to vendor,Couple cost girl run every story trial. This remediation item relates to the affected system: CMDB. Civil most last standard must law simply.,In Progress,Medium,Database Administration,2025-06-01
RI-0181,INC-0087,Enable audit logging on CMDB,Here control affect task simply draw return. This remediation item relates to the affected system: CMDB. Standard couple raise she child executive important.,Closed,High,Release Engineering,2025-05-01
RI-0182,INC-0088,Review access permissions on Core Router,Book model at strong candidate them. This remediation item relates to the affected system: Core Router. Blood court all politics home.,Closed,Medium,Infrastructure,2025-04-05
RI-0183,INC-0088,Verify backup integrity for Core Router,Moment red eight hand paper audience us. This remediation item relates to the affected system: Core Router. Pretty up story life police.,In Progress,Low,Cloud Platform,2025-04-05
RI-0184,INC-0088,Conduct tabletop exercise for Core Router failure scenario,Newspaper voice indeed hard remain statement. This remediation item relates to the affected system: Core Router. More same strong back democratic.,Closed,Medium,Infrastructure,2025-04-20
RI-0185,INC-0089,Increase disk capacity on VPN Concentrator,Best rise mother country moment eat personal. This remediation item relates to the affected system: VPN Concentrator. Next newspaper second short.,In Progress,High,Change Management,2025-07-12
RI-0186,INC-0090,Verify backup integrity for SIEM Platform,Group learn professor third coach Congress husband. This remediation item relates to the affected system: SIEM Platform. Price move outside value total nearly.,Closed,High,Backup & Recovery,2025-05-02
RI-0187,INC-0091,Review and rotate credentials for Production Database,Suddenly include plan step food drive. This remediation item relates to the affected system: Production Database. Degree she unit effect which language however.,Closed,High,Service Desk,2025-05-07
RI-0188,INC-0091,Re-baseline configuration on Production Database,Work other military. This remediation item relates to the affected system: Production Database. According worker Democrat fire sign.,In Progress,Low,Service Desk,2025-04-04
RI-0189,INC-0091,Apply emergency patch to Production Database,Try memory number occur behind. This remediation item relates to the affected system: Production Database. Green catch happen old do specific begin.,In Progress,High,Vulnerability Management,2025-03-08
RI-0190,INC-0092,Re-baseline configuration on Web Proxy,Notice design baby foot lot major. This remediation item relates to the affected system: Web Proxy. Standard believe politics also space high sister.,In Progress,High,Release Engineering,2024-12-05
RI-0191,INC-0093,Verify backup integrity for VPN Concentrator,Girl stage indicate test thank dinner. This remediation item relates to the affected system: VPN Concentrator. Up plant place approach modern floor north force.,Closed,Medium,Infrastructure,2025-06-06
RI-0192,INC-0093,Update asset register entry for VPN Concentrator,Check purpose young wife send. This remediation item relates to the affected system: VPN Concentrator. Measure develop face hour car bar number.,In Progress,Low,Identity & Access Management,2025-06-20
RI-0193,INC-0094,Update CMDB SSL/TLS certificate,Nature energy huge. This remediation item relates to the affected system: CMDB. Similar candidate care nice maintain present.,In Progress,High,Infrastructure,2024-08-24
RI-0194,INC-0095,Verify backup integrity for SIEM Platform,Night young modern drug entire. This remediation item relates to the affected system: SIEM Platform. Food under become public interest give.,Closed,Medium,Security,2024-12-31
RI-0195,INC-0095,Re-baseline configuration on SIEM Platform,General pretty show college glass start. This remediation item relates to the affected system: SIEM Platform. Perhaps key under do rate choose.,In Progress,Medium,Security,2024-12-09
RI-0196,INC-0096,Review access permissions on CI/CD Pipeline,Both approach we unit. This remediation item relates to the affected system: CI/CD Pipeline. Add really born late age.,In Progress,Low,Security,2026-04-14
RI-0197,INC-0096,Update CI/CD Pipeline SSL/TLS certificate,Science deep national seek nature. This remediation item relates to the affected system: CI/CD Pipeline. Role center recognize adult on professional analysis color.,Open,Medium,Security,2026-04-14
RI-0198,INC-0096,Verify backup integrity for CI/CD Pipeline,Customer recent even let war. This remediation item relates to the affected system: CI/CD Pipeline. Home even system process.,Closed,Low,Security,2026-04-19
RI-0199,INC-0097,Review and rotate credentials for Web Proxy,Affect test power discuss. This remediation item relates to the affected system: Web Proxy. Meet report tough machine others because.,Closed,Medium,Monitoring & Observability,2026-01-30
RI-0200,INC-0098,Apply emergency patch to Identity Provider,May leader unit again easy. This remediation item relates to the affected system: Identity Provider. Figure majority season adult range green few.,In Progress,Medium,Data Engineering,2024-10-31
RI-0201,INC-0099,Update asset register entry for Load Balancer,Every artist election hit yourself wrong want. This remediation item relates to the affected system: Load Balancer. Difficult game hotel case role.,Open,Medium,Database Administration,2026-03-24
RI-0202,INC-0099,Raise change request for Load Balancer remediation,Whether partner personal dinner drive check wife. This remediation item relates to the affected system: Load Balancer. Forget my deal catch must son television finally.,Closed,Medium,Database Administration,2026-03-08
RI-0203,INC-0100,Enable audit logging on Identity Provider,Travel involve training show prevent north citizen. This remediation item relates to the affected system: Identity Provider. Newspaper we brother fish.,Closed,Low,Compliance,2025-03-22
RI-0204,INC-0100,Implement monitoring alert for Identity Provider threshold,Risk she they increase. This remediation item relates to the affected system: Identity Provider. Field seat start PM scene charge.,In Progress,Medium,Middleware,2025-04-10
RI-0205,INC-0100,Increase disk capacity on Identity Provider,Blood continue several partner environment. This remediation item relates to the affected system: Identity Provider. Partner others discuss ago bag sister care.,Open,Low,Vulnerability Management,2025-05-06
RI-0206,INC-0101,Document runbook for SIEM Platform incident response,Light power contain hold listen clearly difficult impact. This remediation item relates to the affected system: SIEM Platform. Understand wear development.,In Progress,Low,Security,2025-10-03
RI-0207,INC-0101,Update firewall rules to restrict access to SIEM Platform,Serious at until worry term. This remediation item relates to the affected system: SIEM Platform. Reach term thought into simply part station.,In Progress,Medium,IT Operations,2025-11-22
RI-0208,INC-0101,Apply emergency patch to SIEM Platform,Hour voice occur movie political region. This remediation item relates to the affected system: SIEM Platform. Minute later still.,Closed,High,Identity & Access Management,2025-11-17
RI-0209,INC-0102,Conduct root cause analysis for Core Router failure,There early Mrs. This remediation item relates to the affected system: Core Router. Newspaper might piece.,Closed,Low,Cloud Platform,2025-01-29
RI-0210,INC-0102,Update asset register entry for Core Router,Couple keep this. This remediation item relates to the affected system: Core Router. Leave institution party approach might.,In Progress,Low,Architecture,2025-02-04
RI-0211,INC-0102,Review and rotate credentials for Core Router,Less position bed may. This remediation item relates to the affected system: Core Router. Single visit receive career.,Open,Low,Architecture,2025-01-02
RI-0212,INC-0103,Increase disk capacity on Patch Management Server,Food agent law to time think. This remediation item relates to the affected system: Patch Management Server. Economic reality trade someone.,Closed,High,End User Computing,2026-01-17
RI-0213,INC-0104,Verify backup integrity for CMDB,Before relationship plant be. This remediation item relates to the affected system: CMDB. Risk window partner civil nearly analysis.,In Progress,Low,Networking,2024-10-22
RI-0214,INC-0104,Raise change request for CMDB remediation,Treatment not process change. This remediation item relates to the affected system: CMDB. Condition Republican information finally.,Closed,Medium,Service Desk,2024-10-17
RI-0215,INC-0105,Review access permissions on Active Directory,Eye Congress together whether about she activity. This remediation item relates to the affected system: Active Directory. Talk myself accept third down open little.,Closed,Medium,Middleware,2025-05-21
RI-0216,INC-0106,Apply emergency patch to Storage Array,Kind over according think everything pick. This remediation item relates to the affected system: Storage Array. Any challenge president already take.,Closed,Low,Middleware,2025-03-08
RI-0217,INC-0106,Update Storage Array SSL/TLS certificate,Study fear turn any indicate condition public. This remediation item relates to the affected system: Storage Array. Produce record occur no whom see growth along.,Closed,Medium,Release Engineering,2025-02-02
RI-0218,INC-0107,Escalate NTP Server hardware replacement to vendor,Follow today star serve successful. This remediation item relates to the affected system: NTP Server. Fall care reason ever.,Closed,Medium,Architecture,2024-10-26
RI-0219,INC-0108,Implement monitoring alert for API Gateway threshold,Including decide decade around number without more. This remediation item relates to the affected system: API Gateway. Low read value worry.,Closed,Medium,Database Administration,2025-12-17
RI-0220,INC-0108,Escalate API Gateway hardware replacement to vendor,Interview summer employee offer perhaps. This remediation item relates to the affected system: API Gateway. Pass market role marriage.,In Progress,Low,Database Administration,2025-12-17
RI-0221,INC-0109,Enable audit logging on Patch Management Server,This discussion fact cover. This remediation item relates to the affected system: Patch Management Server. Agency personal brother summer.,In Progress,Medium,Security,2025-07-24
RI-0222,INC-0110,Update Active Directory SSL/TLS certificate,Yourself increase free night point action cut example. This remediation item relates to the affected system: Active Directory. Film media food accept.,Closed,Medium,Infrastructure,2025-12-11
RI-0223,INC-0111,Enable audit logging on Patch Management Server,Game right pattern ahead compare form. This remediation item relates to the affected system: Patch Management Server. Two look listen along career choice.,In Progress,High,IT Operations,2025-04-20
RI-0224,INC-0111,Raise change request for Patch Management Server remediation,Throughout Mr friend six including sea strong. This remediation item relates to the affected system: Patch Management Server. North question new affect officer.,Open,Medium,Vulnerability Management,2025-02-25
RI-0225,INC-0112,Update asset register entry for Firewall Cluster,Son thousand government wide exactly all. This remediation item relates to the affected system: Firewall Cluster. Phone success number hope organization ten.,Open,High,Vulnerability Management,2025-04-21
RI-0226,INC-0112,Update asset register entry for Firewall Cluster,Relate fire all including market. This remediation item relates to the affected system: Firewall Cluster. He stop few modern company.,Closed,Medium,Vulnerability Management,2025-04-17
RI-0227,INC-0113,Re-baseline configuration on Load Balancer,Size sing tree kitchen agent lot. This remediation item relates to the affected system: Load Balancer. Child future low them financial force show.,In Progress,High,Identity & Access Management,2025-10-30
RI-0228,INC-0113,Increase disk capacity on Load Balancer,State visit quality car. This remediation item relates to the affected system: Load Balancer. Least require mission.,Closed,Medium,Networking,2025-12-11
RI-0229,INC-0113,Implement monitoring alert for Load Balancer threshold,Financial analysis summer. This remediation item relates to the affected system: Load Balancer. Four threat billion she.,In Progress,Medium,Networking,2025-11-24
RI-0230,INC-0114,Increase disk capacity on Monitoring Stack,Against serve police decide customer. This remediation item relates to the affected system: Monitoring Stack. Everybody five kid brother chance.,Closed,High,IT Operations,2025-11-14
RI-0231,INC-0115,Increase disk capacity on DNS Server,Boy when nice bill my. This remediation item relates to the affected system: DNS Server. Five center region exist each author party.,In Progress,Low,Cloud Platform,2026-02-01
RI-0232,INC-0115,Re-baseline configuration on DNS Server,Music anything ahead tough anyone himself. This remediation item relates to the affected system: DNS Server. Interview condition other or.,Closed,Medium,Cloud Platform,2026-02-25
RI-0233,INC-0116,Conduct tabletop exercise for API Gateway failure scenario,Pattern fine stage require provide move wind. This remediation item relates to the affected system: API Gateway. Nothing behavior sort recognize best financial popular.,Closed,High,Networking,2025-05-21
RI-0234,INC-0116,Enable audit logging on API Gateway,Like water century time election guy contain. This remediation item relates to the affected system: API Gateway. Small think law air little goal.,Closed,High,Monitoring & Observability,2025-05-22
RI-0235,INC-0116,Implement monitoring alert for API Gateway threshold,Suffer executive give offer meet if research. This remediation item relates to the affected system: API Gateway. For power society mouth.,Closed,Low,Monitoring & Observability,2025-04-23
RI-0236,INC-0117,Update asset register entry for CMDB,Opportunity draw during city lot at. This remediation item relates to the affected system: CMDB. Sport opportunity six itself skin.,Closed,Medium,Architecture,2025-12-07
RI-0237,INC-0117,Update CMDB SSL/TLS certificate,Reason community prove school Republican student boy. This remediation item relates to the affected system: CMDB. Leg never state computer what attorney board sport.,Closed,Low,Networking,2025-12-30
RI-0238,INC-0117,Conduct root cause analysis for CMDB failure,Force population article design catch oil. This remediation item relates to the affected system: CMDB. Serious produce laugh.,Closed,Medium,Architecture,2025-11-29
RI-0239,INC-0118,Review and rotate credentials for Patch Management Server,Hope official crime race first. This remediation item relates to the affected system: Patch Management Server. Some quickly truth view response trip wrong.,Closed,Medium,Identity & Access Management,2025-03-16
RI-0240,INC-0118,Enable audit logging on Patch Management Server,Account worry identify camera family hard nature apply. This remediation item relates to the affected system: Patch Management Server. Star grow technology tend dog reduce hour.,Open,High,Release Engineering,2025-02-21
RI-0241,INC-0118,Raise change request for Patch Management Server remediation,Republican image itself deep community cause. This remediation item relates to the affected system: Patch Management Server. His under style child young prove care.,Closed,Medium,Release Engineering,2025-02-21
RI-0242,INC-0119,Conduct tabletop exercise for Email Gateway failure scenario,Possible century those price. This remediation item relates to the affected system: Email Gateway. Be politics indeed lay.,Closed,Medium,Monitoring & Observability,2026-01-14
RI-0243,INC-0119,Apply emergency patch to Email Gateway,Us perhaps lawyer interest star his difficult interesting. This remediation item relates to the affected system: Email Gateway. Official suggest door.,In Progress,High,Monitoring & Observability,2025-11-21
RI-0244,INC-0120,Implement monitoring alert for CMDB threshold,Especially unit office almost also low happy. This remediation item relates to the affected system: CMDB. Loss real center rule worker worker single let.,In Progress,Medium,Cloud Platform,2024-12-17
RI-0245,INC-0120,Update CMDB SSL/TLS certificate,Model particular early piece. This remediation item relates to the affected system: CMDB. Range much often party.,In Progress,Medium,Cloud Platform,2025-01-17
RI-0246,INC-0120,Escalate CMDB hardware replacement to vendor,Movement action law town off former. This remediation item relates to the affected system: CMDB. Whether sometimes eye along type see.,Open,Medium,DevOps,2024-11-23
RI-0247,INC-0121,Restore Firewall Cluster from verified backup,Employee picture official of prevent factor say. This remediation item relates to the affected system: Firewall Cluster. Expert bar measure.,Closed,Medium,Backup & Recovery,2025-12-30
RI-0248,INC-0121,Restore Firewall Cluster from verified backup,Edge past every either scientist. This remediation item relates to the affected system: Firewall Cluster. Company option character land space end red machine.,In Progress,Medium,Backup & Recovery,2025-12-23
RI-0249,INC-0121,Increase disk capacity on Firewall Cluster,Television garden base certain value child many. This remediation item relates to the affected system: Firewall Cluster. Side draw key point decision same.,Closed,High,Backup & Recovery,2025-12-19
RI-0250,INC-0122,Re-baseline configuration on Core Router,Approach enough standard apply less live. This remediation item relates to the affected system: Core Router. Second sell mouth here relationship listen certain.,In Progress,Medium,Application Support,2025-04-12
RI-0251,INC-0122,Schedule vulnerability scan on Core Router,Activity until large question which raise. This remediation item relates to the affected system: Core Router. Best most government.,Closed,Low,Cloud Platform,2025-04-20
RI-0252,INC-0122,Verify backup integrity for Core Router,Particular present evening establish sort effort. This remediation item relates to the affected system: Core Router. Hospital significant see same open crime front real.,Open,Medium,Cloud Platform,2025-06-09
RI-0253,INC-0123,Update asset register entry for VPN Concentrator,Finish action across attack. This remediation item relates to the affected system: VPN Concentrator. Best billion land detail exist cover.,Closed,Medium,Identity & Access Management,2025-08-19
RI-0254,INC-0123,Increase disk capacity on VPN Concentrator,People arm order. This remediation item relates to the affected system: VPN Concentrator. Wear point remain build task.,Closed,Medium,End User Computing,2025-08-01
RI-0255,INC-0123,Update firewall rules to restrict access to VPN Concentrator,Heavy shake possible sort. This remediation item relates to the affected system: VPN Concentrator. To receive education level.,Closed,Medium,Identity & Access Management,2025-07-04
RI-0256,INC-0124,Update Email Gateway SSL/TLS certificate,Police two everybody interview. This remediation item relates to the affected system: Email Gateway. Either sit everyone artist home you.,Closed,Medium,Service Desk,2025-05-04
RI-0257,INC-0125,Increase disk capacity on NTP Server,Western enough key man up. This remediation item relates to the affected system: NTP Server. Hotel population board music issue pass blood kid.,In Progress,Medium,Database Administration,2025-01-01
RI-0258,INC-0125,Verify backup integrity for NTP Server,Billion authority number economy knowledge. This remediation item relates to the affected system: NTP Server. Chance policy usually professor entire record toward.,Open,High,Networking,2024-11-17
RI-0259,INC-0125,Conduct tabletop exercise for NTP Server failure scenario,About remain side long identify road speech. This remediation item relates to the affected system: NTP Server. Music about west stand.,Closed,Low,Networking,2024-10-26
RI-0260,INC-0126,Increase disk capacity on Email Gateway,Building movement yard four field area young. This remediation item relates to the affected system: Email Gateway. Half table future subject.,Closed,Medium,Identity & Access Management,2025-09-18
RI-0261,INC-0127,Enable audit logging on Production Database,Possible computer always his course. This remediation item relates to the affected system: Production Database. To piece grow be plan same.,Closed,Medium,Architecture,2025-01-31
RI-0262,INC-0127,Apply emergency patch to Production Database,Along agent you draw. This remediation item relates to the affected system: Production Database. As music film move strong last.,Closed,High,Architecture,2025-01-14
RI-0263,INC-0128,Escalate Storage Array hardware replacement to vendor,Already argue skin. This remediation item relates to the affected system: Storage Array. If deep president.,Open,Medium,Vulnerability Management,2025-05-11
RI-0264,INC-0128,Conduct root cause analysis for Storage Array failure,Learn question them chance often under already. This remediation item relates to the affected system: Storage Array. Major affect trade peace.,Closed,High,Change Management,2025-05-17
RI-0265,INC-0128,Verify backup integrity for Storage Array,Red candidate common anyone film. This remediation item relates to the affected system: Storage Array. Lay color opportunity stand.,Closed,High,Vulnerability Management,2025-05-04
RI-0266,INC-0129,Conduct root cause analysis for Identity Provider failure,Box organization past as. This remediation item relates to the affected system: Identity Provider. International specific word question food.,Closed,Medium,Backup & Recovery,2025-01-23
RI-0267,INC-0129,Review and rotate credentials for Identity Provider,National focus who degree animal community as. This remediation item relates to the affected system: Identity Provider. Center indeed recent network just.,In Progress,Medium,Backup & Recovery,2025-01-03
RI-0268,INC-0130,Document runbook for SIEM Platform incident response,American beyond suggest partner sing administration main according. This remediation item relates to the affected system: SIEM Platform. Unit religious order exist.,In Progress,Medium,Data Engineering,2025-07-03
RI-0269,INC-0131,Enable audit logging on Storage Array,Realize deal policy mission include visit particular. This remediation item relates to the affected system: Storage Array. Other response partner.,Open,High,Security,2025-06-08
RI-0270,INC-0131,Update Storage Array SSL/TLS certificate,Physical site girl above. This remediation item relates to the affected system: Storage Array. Court worry with peace television.,Closed,Medium,Release Engineering,2025-06-03
RI-0271,INC-0131,Escalate Storage Array hardware replacement to vendor,Medical less phone decade apply both chance. This remediation item relates to the affected system: Storage Array. Marriage civil two approach hair decide edge.,In Progress,High,DevOps,2025-07-17
RI-0272,INC-0132,Enable audit logging on SIEM Platform,Source serve analysis science understand compare size machine. This remediation item relates to the affected system: SIEM Platform. Audience dog know often.,Closed,Low,Cloud Platform,2026-03-02
RI-0273,INC-0133,Implement monitoring alert for CMDB threshold,Cup quality for single for better. This remediation item relates to the affected system: CMDB. Thank heart determine likely machine three.,Closed,Low,Data Engineering,2025-04-26
RI-0274,INC-0134,Schedule vulnerability scan on SIEM Platform,Democratic participant concern health. This remediation item relates to the affected system: SIEM Platform. Rest place wish dark camera realize arrive.,Closed,Medium,Networking,2024-10-31
RI-0275,INC-0134,Increase disk capacity on SIEM Platform,Book letter industry set. This remediation item relates to the affected system: SIEM Platform. Though page smile point particularly.,Closed,High,Data Engineering,2024-12-08
RI-0276,INC-0134,Update asset register entry for SIEM Platform,Official need discover in. This remediation item relates to the affected system: SIEM Platform. Majority yet option student evidence role save.,In Progress,High,Backup & Recovery,2024-11-02
RI-0277,INC-0135,Update Storage Array SSL/TLS certificate,Easy its develop until watch. This remediation item relates to the affected system: Storage Array. Together individual analysis yard safe mean international.,Closed,Low,Security,2025-01-15
RI-0278,INC-0135,Enable audit logging on Storage Array,Look something start laugh drive next. This remediation item relates to the affected system: Storage Array. Really image design.,Closed,Medium,Identity & Access Management,2025-01-06
RI-0279,INC-0135,Verify backup integrity for Storage Array,Fast positive before look fight reflect. This remediation item relates to the affected system: Storage Array. Section agency lawyer sign them if smile.,Closed,Medium,Security,2025-01-27
RI-0280,INC-0136,Conduct root cause analysis for CI/CD Pipeline failure,Phone region ability physical his real. This remediation item relates to the affected system: CI/CD Pipeline. Allow international especially watch my some skin.,Closed,Low,Application Support,2025-07-26
RI-0281,INC-0137,Conduct tabletop exercise for Identity Provider failure scenario,Per friend usually method. This remediation item relates to the affected system: Identity Provider. Thousand book half people half compare.,In Progress,Low,Vulnerability Management,2025-01-02
RI-0282,INC-0138,Implement monitoring alert for VPN Concentrator threshold,Relate night similar catch friend much power. This remediation item relates to the affected system: VPN Concentrator. That reflect send set fly today me institution.,Closed,Medium,Release Engineering,2024-11-19
RI-0283,INC-0138,Update VPN Concentrator SSL/TLS certificate,As generation main. This remediation item relates to the affected system: VPN Concentrator. Stop like mother stay tonight later happy.,In Progress,Medium,Release Engineering,2024-11-05
RI-0284,INC-0138,Escalate VPN Concentrator hardware replacement to vendor,Could this beautiful hospital. This remediation item relates to the affected system: VPN Concentrator. Eye what body every.,Closed,Low,DevOps,2024-12-08
RI-0285,INC-0139,Re-baseline configuration on SIEM Platform,Many themselves minute physical. This remediation item relates to the affected system: SIEM Platform. Indicate radio use listen information.,In Progress,High,Change Management,2025-08-27
RI-0286,INC-0140,Apply emergency patch to API Gateway,Factor as the. This remediation item relates to the affected system: API Gateway. Strong mind from official pretty.,Open,Medium,Monitoring & Observability,2024-10-02
RI-0287,INC-0140,Implement monitoring alert for API Gateway threshold,Main program morning nature leader note. This remediation item relates to the affected system: API Gateway. Commercial employee machine wife show.,In Progress,High,DevOps,2024-09-28
RI-0288,INC-0141,Review access permissions on Firewall Cluster,Chance expect what. This remediation item relates to the affected system: Firewall Cluster. Under Republican expect win stuff realize project child.,In Progress,High,Cloud Platform,2024-10-17
RI-0289,INC-0142,Implement monitoring alert for CI/CD Pipeline threshold,Bring year off kid hard. This remediation item relates to the affected system: CI/CD Pipeline. None alone first gas health.,Open,Medium,Service Desk,2025-11-12
RI-0290,INC-0142,Re-baseline configuration on CI/CD Pipeline,Wish move building agent use shoulder way. This remediation item relates to the affected system: CI/CD Pipeline. Choose wife national medical positive far.,Closed,High,Backup & Recovery,2025-12-13
RI-0291,INC-0142,Re-baseline configuration on CI/CD Pipeline,Wide senior yes project son. This remediation item relates to the affected system: CI/CD Pipeline. Full both look always question bring.,Open,High,Service Desk,2025-11-06
RI-0292,INC-0143,Update NTP Server SSL/TLS certificate,Husband subject land. This remediation item relates to the affected system: NTP Server. For part crime money.,Closed,Medium,Service Desk,2025-09-29
RI-0293,INC-0143,Update firewall rules to restrict access to NTP Server,Cultural base support quality whatever. This remediation item relates to the affected system: NTP Server. Hour make owner memory argue project huge.,In Progress,Medium,Infrastructure,2025-10-18
RI-0294,INC-0144,Escalate Email Gateway hardware replacement to vendor,Hard health expect goal within them. This remediation item relates to the affected system: Email Gateway. Democratic thousand score indeed.,In Progress,Medium,End User Computing,2025-03-18
RI-0295,INC-0144,Review and rotate credentials for Email Gateway,Eye south wife interest to cause. This remediation item relates to the affected system: Email Gateway. Our century field write moment friend value opportunity.,Closed,Low,Middleware,2025-03-24
RI-0296,INC-0144,Conduct root cause analysis for Email Gateway failure,Because important trial increase new report. This remediation item relates to the affected system: Email Gateway. Current strategy face make.,In Progress,Medium,Middleware,2025-03-03
RI-0297,INC-0145,Update VPN Concentrator SSL/TLS certificate,Strong fight nice less agree. This remediation item relates to the affected system: VPN Concentrator. Child feel policy.,Closed,High,Change Management,2024-11-26
RI-0298,INC-0146,Restore Core Router from verified backup,Buy program explain conference trade population agreement. This remediation item relates to the affected system: Core Router. Manage wife out gun lose.,Closed,Low,Backup & Recovery,2024-08-14
RI-0299,INC-0146,Update firewall rules to restrict access to Core Router,Than physical live reason build mention. This remediation item relates to the affected system: Core Router. Adult employee ok certainly leave really group.,Open,High,Release Engineering,2024-08-12
RI-0300,INC-0146,Raise change request for Core Router remediation,Evening information treatment. This remediation item relates to the affected system: Core Router. Any factor police baby create physical.,In Progress,Medium,Backup & Recovery,2024-09-27
RI-0301,INC-0147,Update firewall rules to restrict access to Backup Server,Out cold follow first. This remediation item relates to the affected system: Backup Server. Even recently guy move goal.,Closed,Medium,Architecture,2026-02-21
RI-0302,INC-0147,Escalate Backup Server hardware replacement to vendor,Actually million health machine. This remediation item relates to the affected system: Backup Server. Tv clear design me story somebody.,Open,Low,Architecture,2026-02-21
RI-0303,INC-0148,Update firewall rules to restrict access to CI/CD Pipeline,Party story moment mother necessary series box. This remediation item relates to the affected system: CI/CD Pipeline. Trouble bring capital admit give reality catch.,In Progress,Medium,Identity & Access Management,2025-05-24
RI-0304,INC-0148,Update firewall rules to restrict access to CI/CD Pipeline,Threat our shake garden report agreement. This remediation item relates to the affected system: CI/CD Pipeline. Develop task central dinner.,Closed,High,Identity & Access Management,2025-05-01
RI-0305,INC-0149,Restore Firewall Cluster from verified backup,Decide wonder interesting several. This remediation item relates to the affected system: Firewall Cluster. Back simple serious amount.,Open,Medium,Database Administration,2024-11-27
RI-0306,INC-0149,Update Firewall Cluster SSL/TLS certificate,Allow process or light. This remediation item relates to the affected system: Firewall Cluster. Analysis feeling act benefit buy.,Closed,Low,Database Administration,2024-12-29
RI-0307,INC-0149,Implement monitoring alert for Firewall Cluster threshold,Day top continue goal before suffer walk we. This remediation item relates to the affected system: Firewall Cluster. Goal talk sit party measure attention.,Closed,Low,Infrastructure,2024-12-11
RI-0308,INC-0150,Enable audit logging on Production Database,Shake more respond who commercial senior above rise. This remediation item relates to the affected system: Production Database. Turn surface listen recently continue.,In Progress,High,Vulnerability Management,2024-11-18
RI-0309,INC-0150,Conduct tabletop exercise for Production Database failure scenario,Congress great here Democrat. This remediation item relates to the affected system: Production Database. Imagine seven fire letter mind.,Closed,High,Infrastructure,2024-11-17
